,ele_n,5h30m,6h,6h30m,7h,7h30m,8h,8h30m,9h,9h30m,10h,10h30m,11h,11h30m,12h,12h30m,13h,13h30m,14h,14h30m,15h,15h30m,16h,16h30m,17h,17h30m,18h,18h30m,19h,19h30m,20h,20h30m,21h,21h30m,22h,22h30m,23h,23h30m,24h,24h30m,finedust,co2,hcho,co,culture_,lift_,meeting_,transspace_,biycle_,ele_,trainreserve_,issuer_,kiosk_,nursing_,temp,wind,rain,popluation,line_1,line_2,line_3,line_4,line_5,line_6,line_7,line_8,cluster_0,cluster_1,cluster_2,cluster_3,cluster_4,passenger
0,3.0,10.5,17.0,18.0,20.5,34.2,39.5,27.5,18.4,14.0,12.0,13.6,12.9,12.1,15.4,12.3,12.0,10.7,12.8,12.0,11.6,9.9,13.1,14.6,17.6,17.2,21.6,14.8,9.7,6.9,6.0,6.5,6.0,6.1,6.7,5.5,4.4,3.2,1.5,1.5,96.3,476.0,10.1,0.5,0.0,0.0,1.0,0.0,1.0,1.0,0.0,0.0,0.0,1.0,23.2,3.3,1,153684,0,0,1,0,0,0,0,0,0,1,0,0,0,0.09691155316380975
1,3.0,22.1,23.5,31.9,45.2,69.8,106.3,85.9,78.6,69.2,47.4,51.1,46.4,42.5,42.4,49.8,45.9,49.1,40.8,45.8,53.7,56.6,63.4,66.5,86.6,86.7,128.0,112.4,72.5,57.4,54.1,44.1,48.3,45.0,46.9,39.6,29.0,19.2,12.7,3.0,83.8,649.0,8.6,1.0,0.0,0.0,0.0,0.0,1.0,1.0,0.0,0.0,0.0,0.0,23.2,3.3,1,153684,0,0,0,0,0,0,0,1,0,1,0,0,0,0.08451535626887655
2,3.0,51.3,34.9,39.4,60.0,80.3,102.6,91.3,71.9,65.9,49.3,38.5,38.4,36.6,34.0,37.6,35.0,34.9,31.3,31.7,29.5,32.7,33.5,37.3,46.7,44.5,57.3,51.2,41.6,33.1,27.1,25.5,26.8,23.5,24.2,21.1,21.4,14.4,11.4,7.1,79.1,560.0,19.7,1.0,0.0,1.0,0.0,0.0,0.0,1.0,0.0,0.0,0.0,0.0,20.9,1.8,1,131450,0,0,0,0,0,0,1,0,1,0,0,0,0,0.5414782593745164
3,2.0,28.7,18.5,20.4,23.6,37.2,52.0,46.1,35.6,33.5,31.0,32.8,34.6,44.8,49.2,48.3,54.8,59.9,56.1,61.1,81.9,79.8,88.9,86.0,118.2,105.7,130.3,125.4,96.8,74.0,63.0,66.3,83.3,89.4,108.8,81.4,57.3,32.2,29.8,17.1,78.2,736.0,24.3,1.0,0.0,0.0,0.0,0.0,0.0,1.0,0.0,0.0,0.0,0.0,20.9,1.8,1,131450,0,1,0,0,0,0,0,0,0,0,0,0,1,1.0
4,2.0,12.7,30.9,21.4,20.6,30.6,43.6,33.7,25.3,30.9,33.3,27.1,25.1,27.7,25.6,28.0,33.0,27.8,31.5,32.5,39.2,39.9,44.3,50.2,64.1,64.4,87.6,94.9,71.5,52.9,59.1,57.4,55.6,54.0,58.1,53.8,39.2,34.7,23.3,12.0,72.1,633.0,14.8,1.0,0.0,1.0,0.0,0.0,0.0,1.0,0.0,0.0,0.0,0.0,23.0,3.8,1,352592,0,0,0,0,0,0,1,0,1,0,0,0,0,0.19912430009914664
5,4.0,16.9,21.3,30.6,40.3,59.4,70.0,58.7,62.5,44.6,40.9,30.1,34.9,26.4,33.6,26.9,33.2,25.0,28.0,22.6,28.0,23.9,33.7,32.1,46.9,30.8,34.6,33.1,28.5,21.1,18.8,15.4,18.0,16.4,19.6,15.5,16.0,10.3,3.0,2.6,82.60497925311203,559.49377593361,12.681742738589211,0.976763485477178,0.0,0.0,0.0,0.0,1.0,1.0,0.0,0.0,0.0,0.0,23.0,3.8,1,352592,0,0,0,0,1,0,0,0,0,0,0,1,0,0.20893580684169202
6,4.0,8.6,13.9,12.4,14.5,18.9,27.7,25.5,24.7,24.1,21.6,21.7,22.5,20.0,21.6,24.1,27.3,28.4,24.4,31.6,38.5,35.7,42.8,52.6,64.6,63.2,79.4,104.3,77.5,53.4,51.5,43.8,53.9,40.4,50.0,44.2,35.4,22.1,20.2,8.6,71.5,602.0,8.4,1.0,0.0,0.0,0.0,0.0,1.0,1.0,0.0,1.0,0.0,0.0,23.2,3.3,1,153684,0,0,0,0,0,0,0,1,0,1,0,0,0,0.11628240175598462
8,3.0,16.7,15.1,19.0,28.1,42.7,45.3,40.9,39.1,27.6,22.7,21.1,18.5,17.4,20.9,19.4,19.2,16.8,15.2,14.6,17.2,16.0,20.9,26.7,23.8,16.4,22.5,17.8,15.5,11.1,9.7,9.7,10.8,8.5,9.3,6.9,7.0,2.8,0.0,1.7,82.60497925311203,559.49377593361,12.681742738589211,0.976763485477178,0.0,0.0,0.0,0.0,0.0,1.0,0.0,0.0,0.0,0.0,23.2,3.3,1,153684,0,0,0,0,1,0,0,0,0,1,0,0,0,0.03731467313125756
9,1.0,2.8,1.6,1.3,1.2,2.6,4.8,2.9,1.2,1.4,1.3,1.6,1.5,1.8,1.8,2.3,2.4,2.4,2.5,2.7,2.9,3.3,3.4,4.1,4.2,4.9,5.6,5.8,4.5,3.4,3.6,4.2,3.9,4.1,4.3,4.2,3.6,2.6,2.3,1.6,68.2,616.0,8.9,0.9,0.0,1.0,0.0,0.0,0.0,1.0,1.0,0.0,0.0,0.0,23.0,3.8,1,352592,0,0,0,0,1,0,0,0,0,1,0,0,0,0.0679813627220054
10,1.0,10.8,7.3,10.7,14.2,22.4,22.7,19.8,14.1,13.4,10.1,10.8,8.0,8.9,9.2,9.9,8.1,8.8,7.0,6.7,7.2,8.1,8.8,13.0,11.8,8.3,10.7,8.4,5.7,4.6,3.5,4.4,4.2,3.3,3.2,2.7,2.4,1.2,0.0,0.8,65.6,433.0,9.3,0.9,0.0,0.0,0.0,0.0,0.0,1.0,0.0,1.0,0.0,1.0,23.7,1.9,1,537338,0,0,0,0,1,0,0,0,0,1,0,0,0,0.053928900962238305
11,1.0,9.1,13.1,22.7,31.2,43.4,45.8,39.4,38.5,28.8,22.0,20.3,19.1,16.8,18.7,17.9,17.0,16.0,16.8,16.5,18.5,19.2,24.9,26.8,28.3,18.8,17.2,14.4,12.9,9.5,8.2,7.0,8.0,5.8,9.1,6.6,6.4,4.3,1.6,0.0,77.0,669.0,12.9,1.2,0.0,0.0,0.0,0.0,1.0,1.0,0.0,0.0,0.0,1.0,23.7,2.4,1,353110,0,0,0,0,1,0,0,0,0,1,0,0,0,0.11293548590455559
12,3.0,12.1,16.8,16.1,20.6,31.1,58.8,47.0,37.9,35.4,24.6,27.1,32.5,31.4,29.2,34.5,38.0,32.7,37.3,39.8,36.3,44.4,40.7,42.9,39.8,43.0,45.8,59.6,38.9,29.6,25.1,27.7,33.9,34.9,34.5,36.6,26.1,23.2,21.8,12.3,82.60497925311203,559.49377593361,12.681742738589211,0.976763485477178,0.0,0.0,1.0,0.0,1.0,1.0,0.0,1.0,0.0,0.0,23.7,2.4,1,353110,0,1,0,0,0,0,0,0,0,0,1,0,0,0.43622807168360184
13,3.0,13.5,25.8,20.8,20.1,22.8,32.7,22.5,17.8,22.7,30.0,25.9,27.1,29.9,26.2,30.7,34.1,33.8,33.0,40.2,47.3,52.9,55.1,64.4,80.1,83.8,99.5,132.0,91.5,76.5,75.9,79.5,80.1,76.4,81.0,79.0,60.6,52.1,41.3,11.8,64.6,754.0,15.1,1.0,0.0,0.0,1.0,0.0,1.0,1.0,0.0,0.0,0.0,0.0,23.3,1.7,1,413677,0,0,0,0,0,0,1,0,0,1,0,0,0,0.14838757744041173
14,1.0,18.0,12.1,9.3,12.6,14.1,16.3,13.4,15.1,14.9,14.6,16.9,21.3,23.7,29.3,36.5,36.2,30.9,33.8,43.8,55.7,61.7,53.4,54.5,71.1,85.2,103.8,113.3,86.4,71.2,63.5,54.4,58.6,52.0,64.4,56.1,45.1,33.4,23.4,12.1,88.4,544.0,16.8,1.0,0.0,0.0,1.0,1.0,1.0,1.0,0.0,0.0,0.0,0.0,21.9,2.1,1,419984,0,0,1,0,0,0,0,0,1,0,0,0,0,0.3458040334920826
15,2.0,7.2,11.8,11.9,15.5,23.8,28.7,18.5,11.6,10.0,7.7,8.9,8.5,8.2,10.4,7.7,8.0,7.2,8.0,8.3,7.4,6.1,8.7,8.7,11.1,11.2,13.5,8.5,5.3,3.7,3.6,3.3,3.3,3.4,3.8,3.2,2.0,1.7,0.9,0.0,70.7,417.0,11.9,0.5,0.0,0.0,1.0,0.0,1.0,1.0,0.0,1.0,0.0,0.0,23.7,2.4,1,353110,0,0,1,0,0,0,0,0,0,1,0,0,0,0.07747766334840592
16,2.0,12.2,20.3,17.5,37.0,51.9,58.4,35.6,25.6,25.8,21.9,20.8,23.1,22.5,23.0,25.5,28.9,28.6,27.2,28.3,30.6,33.9,37.1,42.9,55.2,65.7,78.3,68.5,41.2,38.0,36.3,33.7,36.2,39.0,41.3,36.4,28.4,23.0,17.7,6.3,80.3,631.0,6.3,1.0,0.0,0.0,1.0,0.0,0.0,1.0,0.0,1.0,0.0,0.0,20.5,2.3,1,500336,0,0,0,0,1,0,0,0,0,1,0,0,0,0.10910143332817542
17,2.0,16.9,18.0,21.9,35.2,60.2,85.1,69.2,65.3,39.7,33.9,27.8,23.2,23.4,24.1,23.5,24.2,24.3,21.7,18.9,24.6,21.2,22.5,25.7,26.8,28.5,32.2,24.3,19.8,18.2,14.8,13.6,16.0,19.4,16.0,15.1,10.4,7.8,6.0,2.7,64.1,472.0,16.2,0.8,0.0,0.0,1.0,0.0,0.0,1.0,0.0,1.0,0.0,0.0,22.7,2.1,1,400241,0,0,0,0,0,1,0,0,0,1,0,0,0,0.09279668059304598
18,3.0,6.9,9.6,14.0,24.1,35.8,57.9,57.7,59.0,50.1,43.3,46.1,57.8,51.6,64.0,60.3,52.4,54.5,55.0,67.5,72.1,56.5,52.3,63.8,71.6,77.7,93.7,99.7,75.5,60.4,43.5,41.6,43.1,38.2,46.9,39.3,27.8,22.2,16.2,5.6,79.1,684.0,14.6,0.9,0.0,0.0,1.0,0.0,1.0,1.0,0.0,0.0,0.0,1.0,21.9,2.1,1,419984,0,0,1,0,0,0,0,0,0,0,0,0,1,0.45252136237814417
19,3.0,19.3,38.6,29.5,34.4,55.1,79.2,73.2,65.3,62.7,47.4,37.3,32.1,32.1,28.2,33.7,32.1,34.5,31.6,31.7,34.4,33.0,35.0,43.0,46.5,45.7,50.7,53.1,40.4,36.8,39.1,35.5,35.2,32.5,35.9,30.3,26.7,21.2,13.9,7.9,67.6,728.0,18.5,1.2,0.0,0.0,0.0,0.0,1.0,1.0,0.0,0.0,0.0,0.0,21.9,2.1,1,419984,0,0,0,0,0,0,1,0,1,0,0,0,0,0.15901862008493373
20,3.0,24.2,21.8,31.0,46.6,62.3,82.0,62.4,67.9,60.9,45.4,38.9,38.7,33.8,37.0,35.0,36.9,31.7,30.0,29.4,31.0,31.6,36.5,42.0,51.7,40.9,46.6,46.1,45.5,36.0,29.4,25.8,28.9,26.4,28.5,25.2,23.4,14.6,9.0,3.7,83.1,557.0,9.7,1.1,0.0,0.0,0.0,0.0,1.0,1.0,0.0,0.0,1.0,0.0,20.9,1.8,1,131450,0,0,0,0,1,0,0,0,0,1,0,0,0,0.17575893036237242
21,3.0,4.2,5.8,6.7,7.9,11.4,24.6,23.0,19.2,29.8,20.3,16.7,16.3,17.3,16.5,19.7,19.3,20.5,18.9,20.5,21.4,23.0,26.1,28.1,32.9,36.6,57.7,52.7,47.5,36.0,29.2,28.6,30.5,29.3,36.9,29.6,27.8,14.1,11.9,5.7,116.2,498.0,12.9,0.9,0.0,0.0,1.0,0.0,1.0,1.0,0.0,0.0,0.0,0.0,23.6,3.0,1,291609,0,0,0,0,0,1,0,0,0,0,0,1,0,0.21675864954237803
22,1.0,13.7,17.9,18.4,19.2,26.0,28.7,22.1,15.8,16.0,15.3,21.8,19.5,20.4,24.8,23.4,25.0,25.1,25.0,25.8,29.9,35.5,37.5,43.9,50.9,65.0,61.0,68.8,60.9,43.1,37.8,45.6,44.2,44.4,42.7,46.6,35.5,28.5,19.5,17.7,69.4,635.0,9.3,1.1,0.0,0.0,1.0,0.0,1.0,1.0,0.0,0.0,0.0,0.0,22.7,2.1,1,400241,0,0,0,0,0,0,1,0,0,0,0,1,0,0.1436537546779453
23,2.0,13.6,19.1,19.2,31.5,44.6,56.6,38.4,27.7,28.7,22.0,20.0,23.1,22.2,21.6,23.3,28.1,27.3,26.5,27.6,29.0,30.0,34.7,37.1,46.5,57.9,63.0,52.4,35.2,35.3,31.2,29.9,32.4,35.0,35.6,32.7,24.2,20.4,16.5,4.9,73.9,554.0,11.9,0.9,0.0,0.0,1.0,0.0,1.0,1.0,0.0,0.0,0.0,0.0,23.3,1.7,1,413677,0,0,0,0,1,0,0,0,0,0,0,1,0,0.14752219337608674
24,1.0,53.5,36.4,45.1,58.4,92.6,128.0,119.4,93.7,74.2,46.9,39.0,36.9,29.2,36.9,30.9,34.9,27.7,29.9,23.9,26.4,24.2,30.2,30.5,32.5,30.5,25.5,28.4,23.1,19.4,17.3,15.7,17.9,17.4,13.3,17.5,14.4,8.7,6.4,6.2,72.2,570.0,17.2,1.3,0.0,0.0,1.0,0.0,0.0,1.0,0.0,1.0,0.0,0.0,20.5,2.3,1,500336,0,0,0,0,0,0,1,0,0,0,0,1,0,0.2499011398999364
25,1.0,22.1,21.0,30.4,47.8,61.1,80.6,62.5,64.6,54.4,41.2,35.9,35.6,30.6,32.6,31.1,34.3,28.9,28.3,25.9,27.4,26.0,29.9,34.4,40.7,30.4,32.8,32.3,30.8,26.0,20.7,18.5,20.0,20.3,21.3,18.5,17.5,14.9,6.6,4.6,80.4,516.0,15.6,1.1,1.0,0.0,1.0,0.0,1.0,1.0,0.0,0.0,0.0,0.0,22.9,2.6,1,394649,0,0,0,0,1,0,0,0,1,0,0,0,0,0.3897838832247305
26,1.0,4.5,5.9,6.6,7.3,9.8,21.7,17.4,16.0,25.1,14.7,16.4,15.4,16.5,17.1,18.6,18.8,20.6,19.0,20.1,22.0,25.2,25.7,29.6,30.6,36.4,54.5,55.5,45.3,36.0,29.2,29.5,26.7,32.3,33.6,28.8,26.4,17.5,11.9,7.5,89.5,489.0,10.0,1.2,0.0,1.0,0.0,0.0,1.0,1.0,0.0,1.0,1.0,1.0,23.7,1.9,1,537338,0,0,0,0,0,1,0,0,0,1,0,0,0,0.09838442537925027
27,2.0,26.7,18.9,19.6,23.9,36.6,49.8,45.4,34.6,30.4,30.6,30.4,29.9,42.7,43.3,46.1,50.8,53.4,51.9,60.7,73.4,78.7,82.8,82.8,110.3,112.1,129.1,128.5,102.6,79.3,66.1,70.4,88.0,96.1,116.6,90.8,64.5,36.0,32.4,19.3,83.4,639.0,17.8,0.6,0.0,1.0,1.0,0.0,1.0,1.0,0.0,0.0,0.0,0.0,23.6,3.0,1,291609,0,1,0,0,0,0,0,0,1,0,0,0,0,0.4458676478173409
28,2.0,7.8,10.7,19.9,29.9,43.9,66.8,57.9,53.9,49.7,44.8,51.0,62.3,58.2,71.5,65.6,56.9,58.5,60.7,82.1,75.1,66.3,62.3,77.1,87.4,93.2,119.8,124.4,96.6,68.0,50.4,47.6,53.6,45.9,57.9,46.3,36.2,22.6,19.0,6.4,90.9,621.0,6.8,0.9,0.0,0.0,1.0,0.0,1.0,1.0,0.0,1.0,0.0,0.0,20.5,2.3,1,500336,0,0,1,0,0,0,0,0,1,0,0,0,0,0.14049023147590967
29,3.0,68.8,32.7,28.9,42.2,56.6,87.7,60.7,48.1,34.5,28.2,27.9,29.2,31.5,39.1,45.0,46.7,42.4,46.2,44.5,47.3,57.1,60.7,61.1,76.9,78.8,79.8,92.4,63.5,47.7,36.1,38.1,44.3,52.8,62.0,53.9,41.3,25.1,13.5,12.5,82.60497925311203,559.49377593361,12.681742738589211,0.976763485477178,0.0,0.0,1.0,0.0,1.0,1.0,0.0,0.0,0.0,0.0,23.3,1.7,1,413677,0,1,0,0,0,0,0,0,0,0,1,0,0,0.7154089942632487
30,1.0,13.6,21.8,15.3,33.8,51.4,57.9,34.4,22.9,25.9,21.2,20.3,23.0,21.8,22.8,25.6,29.2,28.0,27.3,28.3,30.9,34.0,37.5,42.9,56.9,66.2,83.4,70.7,42.4,37.9,37.7,35.0,38.6,40.6,43.6,37.4,29.6,22.9,17.4,5.1,76.6,486.0,12.8,1.0,1.0,0.0,0.0,0.0,0.0,1.0,0.0,1.0,0.0,0.0,23.7,1.9,1,537338,0,0,0,0,0,1,0,0,0,1,0,0,0,0.06701282029239665
31,1.0,15.7,19.1,15.9,22.5,34.7,62.6,52.9,41.4,38.6,27.9,27.4,30.8,31.6,30.9,34.0,37.8,32.2,36.5,38.3,34.6,41.8,38.7,40.2,35.5,41.2,42.3,54.6,34.5,26.2,22.5,24.6,30.5,31.0,30.7,32.4,23.1,18.8,18.6,11.8,82.60497925311203,559.49377593361,12.681742738589211,0.976763485477178,0.0,0.0,1.0,0.0,1.0,1.0,0.0,0.0,0.0,1.0,23.6,3.0,1,291609,0,1,0,0,0,0,0,0,0,0,0,1,0,0.2712205353919158
32,1.0,21.8,13.3,7.3,9.2,13.1,15.4,9.9,8.5,9.7,7.6,10.4,11.7,13.4,11.8,23.3,22.5,19.6,13.9,26.2,27.4,35.9,29.7,22.5,31.8,46.7,47.2,46.2,48.6,33.3,29.2,22.7,30.4,26.8,27.2,27.3,22.1,13.7,11.1,0.2,87.2,452.0,10.1,0.8,0.0,0.0,0.0,0.0,0.0,1.0,0.0,0.0,0.0,0.0,20.9,1.8,1,131450,0,0,1,0,0,0,0,0,0,0,0,1,0,0.2394592209251013
33,2.0,19.9,21.7,36.2,50.6,69.1,78.9,66.0,67.7,48.4,36.2,33.5,31.7,28.8,32.2,30.3,30.4,27.1,26.2,25.3,27.1,27.6,35.8,39.2,44.0,27.8,26.8,23.7,20.4,15.5,14.4,11.6,14.3,12.5,16.2,10.5,10.5,7.1,2.7,0.0,88.5,679.0,13.4,1.2,0.0,0.0,0.0,0.0,1.0,1.0,0.0,0.0,0.0,0.0,23.6,3.0,1,291609,0,0,0,0,1,0,0,0,0,0,0,1,0,0.1311372063568477
34,2.0,18.2,24.1,20.9,21.9,25.7,35.8,17.8,16.8,19.6,21.4,22.7,28.3,25.6,29.1,29.0,32.5,30.9,34.2,35.6,47.1,50.4,55.9,68.6,78.2,95.7,94.6,133.9,89.7,79.0,73.1,77.9,79.1,75.9,80.1,78.0,57.0,52.3,32.1,29.9,70.0,715.0,11.9,1.0,0.0,0.0,1.0,0.0,0.0,1.0,0.0,0.0,0.0,0.0,20.9,1.8,1,131450,0,0,0,0,0,0,1,0,0,0,0,1,0,0.14709809787436456
35,1.0,23.9,25.1,40.5,55.3,73.6,89.1,73.1,75.7,56.0,44.0,37.3,36.6,31.7,35.4,34.8,34.7,31.3,29.8,28.2,30.4,30.2,36.6,41.2,48.7,31.2,31.3,27.5,24.1,18.1,17.1,14.0,16.7,14.5,18.9,12.2,12.7,8.1,2.8,0.0,66.9,624.0,9.3,0.9,0.0,0.0,1.0,1.0,1.0,1.0,0.0,0.0,0.0,0.0,22.9,2.6,1,394649,0,0,0,0,1,0,0,0,0,1,0,0,0,0.10209812652946604
36,2.0,9.5,7.2,10.1,18.8,28.5,47.4,50.2,37.1,35.1,31.0,36.3,42.0,43.0,50.7,56.0,48.9,43.5,45.7,58.9,65.0,53.7,49.1,54.4,69.1,73.5,86.4,105.8,84.8,64.4,54.5,41.6,47.3,44.6,50.2,45.6,31.4,22.8,18.2,11.4,86.0,472.0,12.2,0.7,0.0,0.0,0.0,1.0,1.0,1.0,0.0,0.0,0.0,0.0,21.9,2.1,1,419984,0,0,1,0,0,0,0,0,0,1,0,0,0,0.0800165053384454
37,1.0,5.4,3.6,3.0,2.8,6.0,9.9,5.5,1.9,2.4,2.4,2.9,2.7,3.1,3.4,4.2,4.0,4.1,4.2,4.7,4.8,5.6,5.6,6.6,6.9,8.2,9.8,9.8,7.6,5.7,6.0,6.9,6.6,6.7,7.1,6.9,5.7,4.1,3.6,2.4,85.5,573.0,7.8,0.9,0.0,0.0,1.0,1.0,1.0,1.0,0.0,1.0,0.0,1.0,20.5,2.3,1,500336,0,0,0,0,1,0,0,0,0,1,0,0,0,0.08401102648304477
38,2.0,25.8,14.0,14.0,13.1,13.2,18.1,12.1,13.9,13.0,14.0,18.4,21.1,22.3,28.2,24.6,29.4,29.5,33.5,33.6,43.9,46.9,54.0,61.6,82.2,72.2,93.4,109.0,88.1,63.6,57.7,48.2,64.3,60.9,70.1,64.6,50.1,42.1,28.4,23.4,82.4,454.0,4.3,0.6,0.0,1.0,0.0,0.0,1.0,1.0,0.0,0.0,0.0,1.0,23.0,3.8,1,352592,0,0,0,1,0,0,0,0,0,0,0,1,0,0.2630481004533237
39,3.0,24.8,17.7,18.2,25.1,32.4,39.9,24.0,14.3,15.9,14.6,16.7,15.6,17.9,18.4,19.5,19.9,23.8,21.2,22.8,23.5,27.6,29.0,34.8,39.1,48.8,61.6,63.3,45.3,33.2,35.9,31.6,34.0,31.2,36.2,35.0,27.2,22.6,17.4,11.4,74.8,556.0,18.4,0.9,0.0,1.0,1.0,0.0,0.0,1.0,0.0,0.0,0.0,0.0,22.9,1.8,1,449378,0,0,0,0,1,0,0,0,0,1,0,0,0,0.06750568803764134
40,1.0,26.7,23.4,32.0,51.7,70.4,88.0,69.1,73.2,62.5,46.0,39.0,39.1,32.9,33.1,33.6,35.1,31.4,28.8,28.9,27.0,27.7,30.0,34.7,40.3,33.9,33.6,32.2,29.5,25.9,19.4,17.7,17.3,18.6,18.1,16.8,15.1,13.1,5.0,2.6,63.3,527.0,9.4,1.1,0.0,0.0,1.0,0.0,0.0,1.0,0.0,1.0,0.0,1.0,22.4,2.8,1,378629,0,0,0,0,1,0,0,0,0,0,1,0,0,0.33313274762305933
41,1.0,26.3,18.5,17.8,22.0,29.9,46.7,35.4,31.5,21.9,24.5,27.4,23.3,37.2,38.4,39.4,46.4,47.1,48.8,54.5,64.7,68.6,79.0,72.3,95.8,93.0,107.4,117.8,99.4,71.5,57.7,61.8,77.4,88.7,106.1,88.9,69.9,37.0,31.3,24.9,89.9,492.0,7.6,1.1,0.0,0.0,1.0,0.0,1.0,1.0,0.0,0.0,0.0,0.0,22.4,2.8,1,378629,0,1,0,0,0,0,0,0,0,1,0,0,0,0.3200774833943687
42,1.0,64.4,37.8,40.1,54.2,81.9,92.4,71.5,70.2,60.7,48.7,38.2,37.7,36.2,34.0,37.0,34.8,34.2,31.1,31.1,29.0,31.7,33.3,38.1,44.0,43.5,60.7,51.1,42.0,34.9,29.2,25.6,26.6,21.6,23.8,20.3,20.8,14.0,11.1,6.6,66.8,570.0,22.8,1.3,0.0,0.0,1.0,0.0,1.0,1.0,0.0,0.0,0.0,0.0,22.9,1.8,1,449378,0,0,0,0,0,0,1,0,0,0,1,0,0,0.1826705408363851
43,1.0,7.0,8.4,16.7,29.2,39.4,63.4,52.2,49.0,39.8,39.4,45.5,49.2,52.3,57.9,48.4,49.0,40.7,49.3,58.9,57.8,49.1,48.4,60.0,70.6,75.4,98.7,103.6,72.1,52.1,41.8,34.7,40.6,38.2,40.1,37.6,23.3,16.6,14.1,4.5,85.0,487.0,8.9,0.9,0.0,0.0,1.0,0.0,0.0,1.0,0.0,1.0,0.0,0.0,23.7,1.9,1,537338,0,0,1,0,0,0,0,0,0,0,0,1,0,0.34401022414020366
44,1.0,72.7,42.5,47.4,56.8,88.1,105.3,86.6,88.5,63.8,54.6,43.9,38.1,33.7,36.6,32.4,38.2,33.0,32.3,29.6,33.4,28.6,32.5,39.4,42.2,34.3,41.3,40.0,31.8,28.1,25.4,21.7,24.7,21.3,23.2,19.6,19.1,12.8,10.9,5.6,68.2,616.0,12.1,1.0,0.0,0.0,1.0,1.0,0.0,1.0,0.0,0.0,0.0,1.0,22.7,2.1,1,400241,0,0,0,0,0,0,1,0,1,0,0,0,0,0.11937142169420421
45,0.0,23.3,13.1,10.9,13.0,16.1,17.8,9.3,4.8,5.4,6.7,7.4,8.6,8.2,9.0,9.4,10.1,9.5,9.3,9.7,10.9,11.5,12.8,13.8,15.2,16.6,22.7,18.2,11.8,8.6,9.5,10.2,10.2,9.9,10.1,8.3,6.6,5.2,3.3,2.0,82.60497925311203,559.49377593361,12.681742738589211,0.976763485477178,0.0,0.0,1.0,0.0,1.0,1.0,0.0,0.0,0.0,0.0,23.6,3.0,1,291609,0,0,0,0,0,0,0,1,0,1,0,0,0,0.05109204591693459
46,1.0,22.4,29.2,39.3,90.9,77.5,130.3,100.4,115.3,76.7,73.2,65.7,71.3,58.6,52.1,52.6,53.3,51.5,46.7,41.2,47.0,46.8,51.9,52.9,71.6,67.3,80.2,85.7,52.3,39.0,31.4,27.3,26.0,21.9,20.3,21.4,21.5,13.3,11.9,2.1,96.8,418.0,7.2,0.7,0.0,1.0,0.0,0.0,1.0,1.0,0.0,0.0,0.0,0.0,23.6,3.0,1,291609,0,0,0,1,0,0,0,0,0,1,0,0,0,0.0
47,1.0,24.0,17.9,18.1,22.7,39.1,54.0,50.7,39.7,26.9,22.0,17.5,15.0,17.2,16.6,19.1,16.6,16.5,14.7,15.4,18.1,19.8,22.2,25.9,28.0,21.2,23.5,23.9,16.4,11.8,12.2,10.6,9.6,10.2,10.6,9.3,6.2,5.1,3.7,1.6,71.2,664.0,9.6,1.1,0.0,0.0,0.0,0.0,1.0,1.0,0.0,0.0,0.0,0.0,23.0,3.8,1,352592,0,0,0,0,0,0,0,1,0,0,0,1,0,0.16977574517591368
48,2.0,28.0,55.9,42.2,58.4,81.2,110.9,92.7,92.3,74.0,59.6,47.2,43.4,36.9,40.5,36.6,42.5,37.3,37.7,33.5,37.2,33.2,36.6,43.8,46.1,42.6,50.3,49.6,36.2,31.8,30.3,29.2,27.7,27.5,27.5,23.9,23.0,19.3,12.8,4.6,61.1,603.0,13.7,1.1,0.0,0.0,0.0,0.0,0.0,1.0,0.0,0.0,0.0,0.0,20.9,1.8,1,131450,0,0,0,0,0,0,1,0,0,1,0,0,0,0.1722400839021371
49,5.0,0.0,8.5,4.1,5.4,6.3,4.5,3.9,2.2,3.8,3.2,4.0,4.5,4.8,6.4,6.2,6.8,7.5,7.2,7.6,9.2,10.5,10.6,14.1,14.8,16.3,17.8,18.0,16.7,12.2,11.0,9.5,12.0,11.7,12.9,14.0,10.0,8.2,6.5,5.1,82.60497925311203,559.49377593361,12.681742738589211,0.976763485477178,0.0,0.0,1.0,0.0,0.0,1.0,0.0,0.0,0.0,0.0,20.9,1.8,1,131450,0,0,0,1,0,0,0,0,0,0,0,1,0,0.23324679492690084
50,5.0,10.2,11.4,11.4,10.7,13.4,14.6,11.2,7.9,7.8,9.0,11.1,12.0,11.8,13.6,12.9,13.7,14.3,13.2,15.0,17.2,20.6,21.0,25.9,28.1,33.9,34.5,37.5,32.3,25.1,21.6,25.7,25.0,26.0,25.7,25.4,22.6,16.4,11.6,9.4,76.5,673.0,10.5,1.1,0.0,0.0,0.0,0.0,0.0,1.0,0.0,0.0,0.0,0.0,20.9,1.8,1,131450,0,0,0,0,0,0,1,0,0,0,0,1,0,0.22530360080005044
51,2.0,14.3,11.4,8.4,11.7,14.7,15.1,12.0,11.8,13.3,12.1,13.4,18.2,19.4,26.7,29.5,30.0,30.7,28.4,34.4,48.3,53.2,44.0,46.2,55.9,67.3,82.5,95.5,69.7,59.7,47.0,48.0,40.1,47.9,47.7,46.4,36.7,25.6,21.4,11.5,84.4,518.0,15.7,0.8,0.0,0.0,0.0,0.0,1.0,1.0,0.0,0.0,0.0,0.0,22.4,2.8,1,378629,0,0,1,0,0,0,0,0,0,0,0,1,0,0.17021130271822293
52,1.0,7.2,10.5,10.2,14.6,26.6,39.9,31.2,29.1,29.0,20.7,14.7,14.5,16.0,17.5,16.6,17.8,19.0,17.0,17.6,20.3,25.2,21.6,28.0,32.0,32.8,44.0,40.3,33.4,28.3,24.7,27.6,27.5,32.0,34.0,31.4,33.5,16.0,14.5,7.7,92.0,469.0,10.6,1.0,0.0,1.0,0.0,0.0,1.0,1.0,0.0,0.0,1.0,1.0,22.9,2.3,1,668261,0,0,0,0,0,1,0,0,0,1,0,0,0,0.04621494764712962
53,1.0,21.2,36.5,25.5,31.6,46.3,66.7,68.5,54.0,53.7,46.1,34.4,30.6,30.2,27.7,32.8,32.4,32.7,31.4,31.7,35.8,34.1,37.6,45.3,54.2,48.6,59.1,63.9,49.2,40.8,45.6,41.5,42.7,38.6,43.1,36.8,33.5,23.8,18.6,12.1,86.8,655.0,24.3,1.3,0.0,0.0,1.0,1.0,1.0,1.0,0.0,0.0,0.0,0.0,22.9,2.3,1,668261,0,0,0,0,0,0,1,0,1,0,0,0,0,0.24800990320306723
54,1.0,15.6,11.7,10.5,13.5,22.0,33.7,32.6,25.2,19.4,15.6,12.4,10.6,12.3,12.0,14.4,12.4,13.7,11.7,12.1,14.3,15.5,16.9,20.5,20.5,13.9,18.7,19.0,13.1,10.3,11.0,9.3,9.2,9.5,10.8,8.9,6.5,5.0,3.2,1.5,68.9,638.0,11.3,1.0,0.0,0.0,1.0,0.0,1.0,1.0,0.0,0.0,0.0,0.0,22.9,2.3,1,668261,0,0,0,0,0,0,0,1,0,1,0,0,0,0.12213950449598542
55,2.0,17.9,21.0,25.9,43.1,56.9,74.0,58.5,46.5,44.7,32.8,27.5,27.0,25.4,23.0,24.6,24.7,25.2,21.6,20.7,20.7,21.7,21.8,25.8,30.3,30.0,25.9,25.3,18.9,19.3,14.6,14.2,13.6,16.1,16.1,14.5,12.5,11.5,7.7,2.3,74.5,644.0,13.7,1.3,0.0,0.0,1.0,0.0,0.0,1.0,0.0,0.0,0.0,0.0,22.9,2.3,1,668261,0,0,0,0,1,0,0,0,0,0,0,1,0,0.1726699104241528
56,1.0,3.4,3.4,5.0,8.6,15.1,14.9,10.9,8.3,5.9,4.6,4.6,4.8,4.2,4.5,4.2,4.3,3.4,3.6,3.5,3.3,3.0,3.5,3.4,4.2,4.3,4.2,3.0,2.3,1.7,1.9,1.6,1.8,1.5,1.7,1.4,1.0,0.5,0.6,0.2,82.60497925311203,559.49377593361,12.681742738589211,0.976763485477178,0.0,0.0,1.0,0.0,0.0,1.0,0.0,1.0,0.0,0.0,21.7,1.5,1,317075,0,0,0,1,0,0,0,0,0,0,0,1,0,0.08987386024333913
57,5.0,27.4,29.0,28.8,41.9,67.4,104.1,97.7,69.9,57.0,49.8,51.8,45.7,43.5,48.7,52.6,46.4,52.3,43.5,41.8,43.5,40.1,45.4,48.0,49.0,46.9,62.1,71.4,50.6,33.7,27.2,27.6,31.7,29.4,32.9,28.2,33.8,16.8,13.2,7.8,82.60497925311203,559.49377593361,12.681742738589211,0.976763485477178,0.0,0.0,1.0,0.0,1.0,1.0,0.0,0.0,0.0,0.0,23.6,3.0,1,291609,0,1,0,0,0,0,0,0,0,0,0,1,0,0.24365432777997467
58,3.0,81.0,53.8,33.1,42.5,64.4,96.8,70.6,55.5,39.4,27.9,34.8,31.4,34.1,41.5,48.1,48.6,43.4,47.1,44.9,46.0,55.6,59.0,59.1,73.9,70.4,77.4,89.1,57.8,43.3,35.4,33.1,39.7,45.0,50.5,46.9,35.2,22.2,12.1,10.8,82.60497925311203,559.49377593361,12.681742738589211,0.976763485477178,0.0,0.0,1.0,0.0,1.0,1.0,0.0,1.0,0.0,0.0,22.4,2.8,1,378629,0,1,0,0,0,0,0,0,0,0,0,1,0,0.2814504066158898
59,3.0,69.7,34.7,32.0,43.7,63.6,74.2,57.3,55.9,47.8,39.2,29.2,29.3,28.9,27.3,30.5,27.7,27.4,24.7,26.0,23.8,26.6,28.0,32.0,34.4,35.5,48.7,41.8,33.0,30.0,25.9,21.9,23.6,21.0,23.2,18.6,19.6,14.0,11.4,7.9,90.8,616.0,17.8,1.2,0.0,0.0,1.0,0.0,1.0,1.0,0.0,0.0,1.0,0.0,22.4,2.8,1,378629,0,0,0,0,0,0,1,0,0,1,0,0,0,0.0775407045716349
60,2.0,7.2,6.5,12.6,19.6,31.9,44.3,31.5,23.8,19.4,17.2,19.5,18.4,20.9,22.5,20.2,19.3,15.0,18.1,18.9,19.0,17.6,18.8,23.1,25.1,24.0,25.4,21.8,14.0,9.2,8.0,8.5,8.0,8.2,7.3,7.2,5.6,4.0,3.7,1.7,91.2,477.0,7.2,0.5,0.0,0.0,0.0,0.0,0.0,1.0,0.0,0.0,0.0,0.0,22.9,2.3,1,668261,0,0,1,0,0,0,0,0,0,1,0,0,0,0.11258589366664948
61,1.0,7.5,8.5,14.6,21.6,35.6,47.5,36.6,27.3,20.9,20.0,20.3,22.1,21.4,25.2,23.0,20.6,18.7,17.9,22.1,22.3,19.7,20.2,23.9,29.0,26.9,28.4,26.6,16.8,12.3,9.9,10.0,10.1,10.4,14.6,9.5,6.7,4.2,4.4,1.7,82.0,526.0,9.2,0.4,1.0,0.0,1.0,0.0,1.0,1.0,0.0,0.0,1.0,0.0,23.2,3.3,1,153684,0,0,1,0,0,0,0,0,0,1,0,0,0,0.11792720458023141
62,1.0,4.0,5.7,6.1,7.1,11.0,21.8,18.8,17.7,25.8,14.0,15.9,15.1,15.1,15.8,19.2,17.9,20.6,18.7,19.3,20.7,23.0,25.9,27.2,30.3,35.2,51.6,55.1,44.5,37.9,28.7,28.4,29.9,28.4,36.1,30.6,24.6,17.2,11.3,9.2,101.3,532.0,10.6,1.3,0.0,0.0,0.0,0.0,0.0,1.0,0.0,0.0,0.0,0.0,22.9,2.3,1,668261,0,0,0,0,0,1,0,0,0,1,0,0,0,0.09620663766770399
63,1.0,7.3,9.1,15.2,22.6,34.9,54.0,47.8,33.2,27.5,22.8,27.5,26.7,26.6,34.1,26.9,24.2,21.1,23.1,29.6,24.7,22.4,24.8,27.7,33.4,32.4,33.1,32.8,23.1,16.4,12.0,12.7,12.2,12.8,15.9,12.8,8.2,6.7,5.3,2.9,94.6,556.0,6.1,0.7,0.0,1.0,0.0,0.0,0.0,1.0,0.0,0.0,0.0,1.0,23.3,1.7,1,413677,0,0,1,0,0,0,0,0,0,1,0,0,0,0.05390597688106413
64,1.0,23.8,19.2,24.4,30.2,40.2,74.1,54.8,42.5,33.3,26.4,34.6,35.8,37.6,39.0,44.3,47.5,40.6,49.9,47.3,49.6,54.7,49.2,65.8,57.1,72.2,87.5,80.5,58.3,35.2,29.6,32.0,39.5,48.5,48.4,46.5,33.7,48.9,12.0,9.8,74.6,438.0,6.8,0.5,0.0,1.0,1.0,0.0,1.0,1.0,0.0,0.0,0.0,0.0,23.3,1.7,1,413677,0,1,0,0,0,0,0,0,0,1,0,0,0,0.0023382562797654867
65,3.0,0.3,1.0,0.8,0.4,0.5,0.4,0.2,0.1,0.5,0.1,0.2,0.2,0.4,0.2,0.2,0.3,0.1,0.3,0.3,0.1,0.3,0.4,0.2,0.5,0.5,0.7,0.6,0.7,0.4,0.3,0.1,0.4,0.4,0.2,0.3,0.3,0.3,0.2,0.1,82.60497925311203,559.49377593361,12.681742738589211,0.976763485477178,0.0,0.0,1.0,1.0,1.0,1.0,0.0,1.0,0.0,1.0,20.6,5.1,0,476013,0,0,0,0,0,0,1,0,0,1,0,0,0,0.1138467181312289
66,1.0,14.3,14.1,8.4,11.9,13.9,15.7,13.0,13.7,15.0,13.3,15.0,20.9,24.3,26.3,37.1,32.1,32.3,35.0,39.7,55.8,61.1,50.9,52.9,66.4,84.2,95.8,114.0,89.0,69.5,59.8,56.6,57.5,50.7,63.1,54.7,43.8,34.0,22.4,14.2,99.0,536.0,13.8,0.9,1.0,0.0,0.0,0.0,1.0,1.0,0.0,1.0,0.0,0.0,23.6,3.0,1,291609,0,0,1,0,0,0,0,0,0,1,0,0,0,0.0793345139235138
67,1.0,0.0,0.0,0.0,0.0,0.0,0.0,0.0,0.0,0.0,0.0,0.0,0.0,0.0,0.0,0.0,0.0,0.0,0.0,0.0,0.0,0.0,0.0,0.0,0.0,0.0,0.0,0.0,0.0,0.0,0.0,0.0,0.0,0.0,0.0,0.0,0.0,0.0,0.0,0.0,96.5,453.0,12.4,0.8,0.0,0.0,1.0,0.0,0.0,1.0,0.0,0.0,0.0,0.0,23.3,1.7,1,413677,0,0,0,0,0,1,0,0,0,1,0,0,0,0.018912366968691436
68,1.0,16.2,16.0,19.9,29.6,54.0,66.2,52.4,37.9,28.1,23.3,19.2,18.8,17.3,18.0,16.8,19.1,15.8,15.4,13.9,15.5,14.4,16.7,16.3,18.7,19.6,19.9,16.7,12.0,9.3,9.5,8.3,8.6,8.8,9.5,9.0,6.6,4.4,4.3,1.4,70.1,506.0,10.4,1.0,0.0,0.0,0.0,0.0,1.0,1.0,0.0,0.0,0.0,0.0,20.6,5.1,0,476013,0,0,0,0,0,1,0,0,0,1,0,0,0,0.0984016184401309
69,2.0,8.5,6.7,12.0,11.0,16.2,26.1,23.6,20.5,26.0,24.0,20.6,25.7,30.5,26.8,34.5,32.4,33.8,35.6,34.8,37.8,36.1,36.5,45.1,45.0,44.5,67.8,72.5,50.4,34.2,27.1,27.6,35.1,35.5,41.2,33.4,22.2,15.3,12.4,1.3,99.5,561.0,17.2,1.1,0.0,0.0,1.0,1.0,1.0,1.0,0.0,0.0,0.0,0.0,23.7,1.9,1,537338,1,0,0,0,0,0,0,0,0,1,0,0,0,0.11620789849216856
70,2.0,24.0,17.6,17.0,20.2,20.5,32.4,30.2,26.9,34.4,29.5,31.8,40.9,41.4,39.9,44.3,42.7,48.0,46.6,54.1,60.7,59.6,71.3,81.3,91.2,111.0,115.5,137.6,111.8,77.3,66.9,66.2,71.9,71.3,86.6,69.7,56.1,48.9,36.4,20.4,90.4,716.0,12.9,0.9,0.0,0.0,0.0,0.0,1.0,1.0,0.0,0.0,0.0,0.0,23.7,1.9,1,537338,0,0,0,1,0,0,0,0,1,0,0,0,0,0.23246164514668546
71,1.0,17.9,18.2,16.4,20.7,29.5,54.0,45.0,31.4,23.3,18.4,21.7,25.9,28.2,28.2,31.7,35.2,29.3,35.5,36.4,35.8,41.8,37.7,47.4,45.2,51.9,48.4,62.8,41.8,25.2,21.2,19.4,26.3,33.8,32.1,32.2,24.9,27.1,11.9,5.9,89.9,572.0,7.9,1.3,0.0,0.0,1.0,0.0,1.0,1.0,0.0,0.0,0.0,1.0,23.7,1.9,1,537338,0,1,0,0,0,0,0,0,0,1,0,0,0,0.14057046576001925
72,1.0,17.7,17.7,17.0,21.1,24.8,33.0,32.4,31.7,37.6,33.3,36.0,47.1,45.1,42.5,48.3,51.1,45.8,50.8,59.6,56.2,62.1,68.8,79.1,91.6,105.0,107.3,137.9,104.0,78.6,62.6,66.0,73.4,74.3,81.1,71.3,55.7,49.0,36.5,20.8,86.3,591.0,10.4,0.7,0.0,0.0,0.0,0.0,1.0,1.0,0.0,0.0,0.0,1.0,21.7,1.5,1,317075,0,0,0,1,0,0,0,0,0,1,0,0,0,0.15658866748047154
73,1.0,15.6,15.7,23.0,33.7,45.5,55.3,42.9,52.0,42.7,32.8,31.0,30.8,28.7,29.6,29.5,32.5,28.6,26.9,26.9,29.2,30.3,37.2,41.2,47.5,36.7,52.1,52.5,45.1,30.2,28.5,25.6,29.4,29.1,31.3,28.1,26.9,12.1,7.0,5.7,94.5,536.0,17.8,1.3,0.0,0.0,1.0,0.0,0.0,1.0,0.0,0.0,0.0,0.0,20.9,1.8,1,131450,0,0,0,0,1,0,0,0,0,1,0,0,0,0.023325252594719438
74,1.0,8.1,6.5,9.8,19.1,26.4,43.1,44.1,35.0,29.6,27.1,30.3,40.7,39.0,47.1,52.6,45.6,41.2,42.4,52.8,59.9,53.8,45.2,49.9,60.3,69.7,78.6,89.5,75.1,58.6,45.2,45.6,41.4,40.8,45.7,39.6,29.5,23.2,15.5,8.5,91.9,475.0,12.8,0.8,0.0,0.0,0.0,0.0,0.0,1.0,0.0,0.0,0.0,0.0,23.7,1.9,1,537338,0,0,1,0,0,0,0,0,0,1,0,0,0,0.09875694169833055
75,1.0,6.9,8.7,10.1,9.6,12.7,22.7,21.5,17.3,23.1,21.8,19.1,23.1,26.7,27.3,30.0,29.1,30.3,32.0,32.2,35.0,33.5,33.6,42.7,36.6,44.1,62.3,63.9,50.0,32.0,25.8,25.3,31.8,32.0,37.4,29.4,22.1,14.3,11.9,0.2,87.4,567.0,15.9,1.1,0.0,0.0,1.0,0.0,1.0,1.0,0.0,0.0,0.0,0.0,21.7,1.5,1,317075,1,0,0,0,0,0,0,0,0,1,0,0,0,0.08677910928482598
76,2.0,17.0,18.5,21.9,33.1,55.9,86.9,70.2,73.2,43.2,33.2,28.9,24.2,25.3,27.8,26.8,26.9,27.7,27.1,23.8,28.6,32.2,32.1,36.8,41.2,40.0,49.1,37.9,28.5,27.1,24.7,19.3,23.2,24.1,28.2,22.4,19.6,12.1,10.8,6.1,61.3,508.0,11.3,1.5,0.0,0.0,1.0,0.0,1.0,1.0,0.0,1.0,0.0,0.0,20.6,5.1,0,476013,0,0,0,0,0,1,0,0,0,1,0,0,0,0.08211978978617564
77,2.0,17.0,24.4,22.9,32.4,54.0,68.3,66.9,47.6,46.4,42.6,38.4,39.8,32.4,39.0,36.8,36.1,32.2,35.2,30.7,30.1,31.6,37.1,39.1,39.7,41.5,44.3,47.0,34.3,26.5,20.7,23.4,25.1,24.6,26.2,21.8,22.3,15.7,10.8,8.4,82.60497925311203,559.49377593361,12.681742738589211,0.976763485477178,1.0,0.0,1.0,1.0,1.0,1.0,0.0,0.0,0.0,0.0,23.7,1.9,1,537338,0,0,0,1,0,0,0,0,0,1,0,0,0,0.0068829553725449745
78,1.0,26.6,14.1,11.8,14.1,18.5,19.1,10.0,5.5,6.3,7.6,8.4,9.7,9.4,10.0,10.8,11.6,10.9,10.7,11.1,12.1,13.4,14.5,16.0,17.7,19.2,26.2,20.7,14.5,10.3,11.4,12.5,11.9,11.9,12.6,10.5,8.4,6.7,4.5,3.4,83.7,638.0,11.5,1.0,0.0,0.0,1.0,0.0,1.0,1.0,0.0,1.0,1.0,0.0,23.7,1.9,1,537338,0,0,0,0,1,0,0,0,0,1,0,0,0,0.08560998114494324
79,4.0,6.3,10.2,5.5,7.6,10.4,15.3,15.6,14.2,22.9,15.3,15.8,14.7,15.2,15.4,18.8,17.8,18.5,20.1,20.9,22.7,25.1,33.3,35.4,35.1,41.3,57.2,78.0,75.8,54.5,47.2,40.8,43.2,54.2,54.4,44.6,43.5,31.6,17.9,14.3,72.6,441.0,17.1,0.8,1.0,0.0,1.0,0.0,1.0,1.0,0.0,0.0,1.0,0.0,23.2,3.3,1,153684,0,0,0,0,0,1,0,0,0,0,0,1,0,0.17313412306792977
80,2.0,28.9,31.3,31.6,41.9,70.1,110.6,101.6,69.4,55.7,47.6,43.2,43.4,43.1,42.6,49.5,46.6,46.6,46.4,42.2,41.6,41.6,50.4,41.9,52.4,48.4,55.2,76.1,49.6,34.6,28.5,30.3,35.6,32.4,35.4,33.6,38.1,20.0,14.3,10.0,82.60497925311203,559.49377593361,12.681742738589211,0.976763485477178,0.0,0.0,1.0,0.0,1.0,1.0,0.0,1.0,0.0,0.0,23.7,1.9,1,537338,0,1,0,0,0,0,0,0,1,0,0,0,0,0.26993678684616224
81,1.0,10.5,24.1,19.4,18.5,25.1,36.4,26.4,19.6,23.4,29.3,25.4,25.2,26.6,24.4,28.0,30.2,29.3,28.2,33.5,39.0,43.2,42.8,52.7,66.7,74.2,84.1,114.1,76.7,64.9,62.7,60.8,59.8,56.6,55.8,60.1,42.7,35.0,29.3,11.0,82.60497925311203,559.49377593361,12.681742738589211,0.976763485477178,0.0,0.0,1.0,0.0,0.0,1.0,0.0,0.0,0.0,0.0,20.9,1.8,1,131450,0,0,0,0,0,0,1,0,0,1,0,0,0,0.11422496547060274
82,3.0,30.0,22.2,32.0,51.2,68.9,89.8,71.6,76.3,61.0,46.4,39.1,39.6,33.4,33.9,34.2,36.0,31.7,29.9,29.8,28.2,28.3,31.1,35.7,41.5,35.9,33.7,33.2,29.1,26.2,19.8,18.1,17.8,18.9,18.4,16.9,15.0,14.1,6.7,2.3,64.8,443.0,9.8,0.8,0.0,0.0,0.0,1.0,0.0,1.0,0.0,0.0,0.0,1.0,23.3,1.7,1,413677,0,0,0,0,1,0,0,0,0,1,0,0,0,0.11859200293428239
83,3.0,9.3,9.9,10.3,8.4,11.0,14.4,9.9,7.3,7.4,7.9,9.2,10.0,10.4,11.1,10.6,11.6,10.8,11.2,10.9,13.6,15.3,16.7,18.8,21.1,25.6,28.0,26.0,26.0,17.8,16.9,19.7,19.0,19.2,19.5,19.1,16.6,12.1,8.1,6.3,80.2,629.0,14.3,1.0,0.0,0.0,0.0,0.0,1.0,1.0,0.0,1.0,0.0,0.0,20.6,5.1,0,476013,0,0,0,0,0,0,1,0,0,0,0,1,0,0.1410174853429156
84,1.0,6.1,4.0,4.7,6.3,8.3,10.7,6.7,6.0,5.4,4.0,4.2,3.5,3.7,3.8,4.1,3.3,3.9,3.0,2.7,2.8,3.3,2.9,5.0,4.6,3.2,4.3,2.3,1.8,1.7,1.5,1.3,1.4,1.4,0.9,0.8,0.7,0.4,0.3,0.0,75.3,620.0,10.5,1.5,0.0,0.0,0.0,0.0,0.0,1.0,0.0,1.0,0.0,0.0,22.9,2.3,1,668261,0,0,0,0,1,0,0,0,0,1,0,0,0,0.05496621563536957
85,1.0,13.6,21.8,15.3,33.8,51.4,57.9,34.4,22.9,25.9,21.2,20.3,23.0,21.8,22.8,25.6,29.2,28.0,27.3,28.3,30.9,34.0,37.5,42.9,56.9,66.2,83.4,70.7,42.4,37.9,37.7,35.0,38.6,40.6,43.6,37.4,29.6,22.9,17.4,5.1,76.1,598.0,14.7,1.0,0.0,0.0,1.0,0.0,1.0,1.0,0.0,1.0,0.0,1.0,23.6,3.0,1,291609,0,0,0,0,1,0,0,0,0,1,0,0,0,0.07509355890629209
86,3.0,13.2,18.6,31.1,41.5,58.1,61.0,51.8,52.7,38.5,29.4,27.3,25.7,23.0,25.8,24.9,23.8,21.3,21.6,20.9,22.9,23.7,31.3,33.8,34.2,22.8,21.8,18.1,16.8,12.3,11.0,9.2,11.0,9.6,11.7,8.1,8.3,5.3,2.1,0.0,67.6,554.0,9.8,1.1,0.0,0.0,1.0,0.0,0.0,1.0,0.0,0.0,0.0,0.0,20.9,1.8,1,131450,0,0,0,0,1,0,0,0,0,1,0,0,0,0.16840603132575693
87,3.0,8.2,11.7,8.3,10.1,15.3,25.7,21.1,17.9,21.8,17.3,14.9,14.8,16.1,16.6,17.4,19.5,21.1,19.9,20.4,25.8,26.4,31.3,35.3,34.5,42.5,63.7,80.2,67.6,56.2,42.5,44.6,44.6,47.2,57.6,49.1,38.3,27.5,12.9,14.0,92.7,465.0,9.9,1.0,0.0,0.0,1.0,1.0,1.0,1.0,0.0,0.0,0.0,0.0,23.7,1.9,1,537338,0,0,0,0,0,1,0,0,0,0,0,1,0,0.152433677767653
88,1.0,8.0,12.3,9.4,10.7,15.8,27.5,23.3,20.6,24.5,18.6,15.7,18.0,16.5,20.1,19.5,22.3,26.0,21.9,24.5,27.6,32.9,32.8,38.2,39.8,46.5,68.0,85.7,73.5,55.8,50.7,50.2,47.0,56.8,63.5,51.9,42.9,31.6,15.9,17.3,96.4,497.0,12.5,1.2,0.0,0.0,1.0,0.0,1.0,1.0,0.0,0.0,0.0,0.0,23.3,1.7,1,413677,0,0,0,0,0,1,0,0,0,0,0,1,0,0.1539352050845612
89,2.0,8.0,8.5,15.9,22.5,35.7,53.5,46.1,35.0,28.5,23.9,27.8,28.6,29.4,33.6,28.3,23.8,24.7,25.3,31.7,29.3,24.6,27.4,30.6,37.8,34.5,41.3,41.2,27.3,18.4,14.8,14.7,15.3,13.5,19.2,13.4,9.7,7.7,5.5,3.0,72.3,535.0,6.7,0.6,0.0,0.0,1.0,0.0,0.0,1.0,0.0,0.0,0.0,0.0,23.2,3.3,1,153684,0,0,1,0,0,0,0,0,0,1,0,0,0,0.14007186699448101
90,1.0,19.6,21.0,19.5,23.5,28.9,36.2,24.1,17.4,19.1,17.1,23.4,22.7,22.7,26.1,25.3,25.5,26.2,26.2,25.7,29.5,35.2,37.0,44.8,51.2,63.3,63.4,71.9,66.3,45.8,39.7,49.3,47.7,48.7,45.5,51.8,39.2,33.1,21.4,14.1,66.4,706.0,15.7,1.2,0.0,0.0,0.0,0.0,1.0,1.0,0.0,1.0,0.0,0.0,20.6,5.1,0,1080896,0,0,0,0,0,0,1,0,0,1,0,0,0,0.1070268039819129
91,1.0,19.6,22.1,22.1,24.6,26.3,33.6,20.7,17.1,19.5,18.7,22.5,26.4,24.7,26.4,28.3,27.9,28.9,29.7,31.4,38.0,41.7,46.7,54.4,63.4,75.3,78.4,103.6,80.8,59.8,51.8,64.6,62.7,61.7,62.8,63.4,47.9,40.8,29.0,21.1,60.4,672.0,10.7,1.3,0.0,0.0,0.0,0.0,0.0,0.0,0.0,0.0,0.0,0.0,20.9,1.8,1,131450,0,0,0,0,0,0,1,0,0,0,0,1,0,0.181455564534154
92,1.0,9.9,13.3,13.3,17.9,19.5,36.5,29.6,30.7,32.8,31.9,30.3,40.7,36.3,38.1,39.8,40.9,41.7,43.2,41.8,47.6,45.4,52.9,58.8,69.2,67.5,70.2,78.9,55.0,43.9,36.8,40.8,44.1,40.3,48.4,38.3,33.1,24.5,18.4,8.8,94.0,718.0,16.8,1.1,0.0,0.0,1.0,1.0,1.0,1.0,0.0,0.0,0.0,0.0,23.7,1.9,1,537338,0,0,0,1,0,0,0,0,1,0,0,0,0,0.2436428657393876
93,1.0,16.8,16.6,12.6,15.0,19.3,24.2,14.2,9.9,11.6,12.0,13.7,14.6,17.4,18.7,17.5,22.0,21.9,22.9,25.0,28.6,32.0,37.8,39.9,47.9,61.0,75.7,76.4,54.5,42.0,47.3,41.9,44.4,43.5,51.1,46.1,34.8,30.4,22.9,17.7,71.6,619.0,7.1,1.0,0.0,0.0,1.0,0.0,1.0,1.0,0.0,1.0,0.0,0.0,21.7,1.5,1,317075,0,0,0,0,1,0,0,0,0,1,0,0,0,0.09735284172641255
94,1.0,2.5,2.6,2.5,2.1,3.0,8.8,9.2,7.5,7.5,6.8,5.6,5.8,6.2,7.7,7.2,8.9,9.1,9.4,8.1,11.6,11.3,15.6,14.4,12.6,11.3,12.9,14.0,11.7,9.5,8.4,7.2,7.4,7.7,9.9,6.4,5.4,4.9,1.4,0.5,76.1,643.0,8.1,1.1,0.0,0.0,1.0,1.0,1.0,1.0,0.0,0.0,0.0,1.0,22.5,3.5,1,442680,0,0,0,0,0,0,0,1,0,1,0,0,0,0.0337499785086739
95,1.0,16.8,16.6,12.6,15.0,19.3,24.2,14.2,9.9,11.6,12.0,13.7,14.6,17.4,18.7,17.5,22.0,21.9,22.9,25.0,28.6,32.0,37.8,39.9,47.9,61.0,75.7,76.4,54.5,42.0,47.3,41.9,44.4,43.5,51.1,46.1,34.8,30.4,22.9,17.7,71.3,497.0,12.1,1.1,0.0,0.0,0.0,0.0,0.0,1.0,0.0,0.0,0.0,0.0,23.3,1.7,1,413677,0,0,0,0,1,0,0,0,0,0,0,1,0,0.20229928534176939
96,1.0,7.9,14.4,13.5,14.7,21.1,30.3,33.7,27.2,26.2,19.6,21.8,23.0,21.3,21.5,25.5,28.9,30.6,24.1,33.5,41.1,41.2,45.0,57.6,68.8,68.6,83.9,114.9,86.9,64.2,57.0,41.9,60.2,45.3,56.5,51.0,40.6,25.9,24.2,10.4,66.5,625.0,11.4,1.1,0.0,0.0,1.0,0.0,1.0,1.0,0.0,0.0,0.0,1.0,23.4,1.5,1,514445,0,0,0,0,0,0,0,1,0,1,0,0,0,0.06332777424364859
97,1.0,14.8,14.0,9.1,12.1,13.9,15.4,12.9,13.6,14.8,13.2,15.3,19.9,24.0,25.9,34.8,34.0,31.1,34.7,36.1,57.5,56.6,53.6,51.8,65.1,79.4,97.6,111.6,84.2,70.1,56.0,55.2,50.5,56.7,58.9,54.5,43.3,32.8,21.7,13.5,101.3,483.0,13.9,0.8,0.0,0.0,0.0,1.0,1.0,1.0,0.0,0.0,0.0,0.0,23.4,1.5,1,514445,0,0,1,0,0,0,0,0,0,1,0,0,0,0.03484460338474059
98,1.0,26.0,15.8,19.2,20.9,30.3,43.8,30.3,29.3,22.6,25.6,28.6,26.7,42.3,43.2,44.4,50.8,50.7,53.3,62.3,78.6,78.5,87.4,86.1,113.7,114.1,135.7,136.7,110.5,80.7,69.6,73.1,89.3,105.3,117.2,95.9,66.5,37.3,34.5,20.6,86.8,460.0,12.5,1.0,0.0,1.0,0.0,0.0,0.0,1.0,0.0,0.0,0.0,0.0,23.2,3.3,1,153684,0,1,0,0,0,0,0,0,0,0,0,1,0,0.26233172291663087
99,1.0,34.1,25.1,32.2,45.2,75.2,108.5,97.4,76.3,65.1,50.3,44.3,42.6,37.2,45.5,42.3,41.8,42.6,43.9,35.1,48.5,46.6,63.9,56.8,78.3,80.3,119.4,101.9,66.3,49.0,45.4,42.2,43.7,39.8,40.6,33.3,24.1,15.7,11.4,2.8,78.6,676.0,6.4,1.2,1.0,0.0,0.0,0.0,0.0,1.0,0.0,0.0,0.0,1.0,20.9,1.8,1,131450,0,0,0,0,0,0,0,1,1,0,0,0,0,0.2650940746981185
100,1.0,14.6,24.9,20.3,19.9,23.0,30.4,17.8,15.7,17.8,20.2,22.2,24.6,25.6,25.5,27.8,30.5,31.8,32.4,38.5,48.1,52.2,56.6,65.7,82.2,89.1,92.5,132.2,87.9,79.7,75.9,79.6,80.5,76.8,81.7,78.9,60.6,52.0,41.0,19.3,82.60497925311203,559.49377593361,12.681742738589211,0.976763485477178,0.0,0.0,1.0,1.0,1.0,1.0,0.0,0.0,0.0,0.0,22.9,2.6,1,394649,0,0,0,0,1,0,0,0,0,0,0,1,0,0.18746740482208046
101,2.0,29.2,13.6,13.6,13.4,13.9,15.8,12.9,11.2,14.6,12.4,17.0,16.7,23.2,21.7,24.2,26.9,25.6,27.9,32.9,36.0,40.2,43.7,53.6,64.5,67.8,79.2,85.5,79.1,57.2,45.8,45.8,53.1,48.3,58.2,58.3,42.6,40.2,24.2,17.7,86.7,492.0,7.2,0.6,0.0,1.0,1.0,0.0,0.0,1.0,0.0,0.0,0.0,0.0,20.9,1.8,1,131450,0,0,0,1,0,0,0,0,0,0,0,1,0,0.170887563112861
102,2.0,27.8,13.8,12.8,13.3,14.5,16.1,14.8,12.1,14.5,12.5,17.5,17.7,25.1,24.0,23.4,27.9,27.7,28.1,35.0,38.8,42.3,51.0,53.9,67.5,73.5,84.4,87.6,86.0,57.0,51.1,45.1,55.7,51.3,65.3,55.3,44.6,40.9,26.0,21.1,88.1,441.0,6.0,0.5,0.0,0.0,1.0,0.0,1.0,1.0,0.0,1.0,0.0,0.0,22.8,4.2,1,300824,0,0,0,1,0,0,0,0,0,0,1,0,0,0.3178079993581257
103,2.0,21.0,37.9,28.9,32.9,53.5,75.5,75.1,64.6,63.5,47.4,37.4,31.8,31.4,28.1,33.4,32.4,34.3,31.7,31.8,34.9,33.4,35.9,43.8,47.7,46.3,47.9,57.2,41.1,36.2,39.9,36.2,36.6,33.2,37.1,30.8,28.3,19.9,13.9,7.7,62.4,621.0,13.4,1.1,1.0,0.0,1.0,0.0,1.0,1.0,0.0,1.0,0.0,1.0,22.8,4.2,1,300824,0,0,0,0,0,0,1,0,0,1,0,0,0,0.05804377353300208
104,3.0,30.4,16.0,13.5,15.4,20.9,23.4,12.7,7.0,7.9,8.7,9.3,10.4,10.1,10.6,11.7,12.8,12.0,11.7,12.1,13.1,14.5,15.9,17.2,19.0,20.9,28.7,22.5,16.6,11.3,13.9,14.0,13.5,13.3,15.2,12.8,10.0,8.2,5.7,4.8,76.0,464.0,9.9,0.9,0.0,1.0,0.0,0.0,0.0,1.0,0.0,0.0,0.0,1.0,22.9,2.6,1,394649,0,0,0,0,1,0,0,0,1,0,0,0,0,0.24529339958392793
105,1.0,24.0,19.4,18.7,24.4,34.2,55.7,38.4,33.5,22.3,24.2,22.4,21.3,31.5,37.5,34.3,42.1,45.2,42.6,48.3,58.3,61.6,62.5,71.0,76.0,87.0,90.7,96.4,79.5,59.9,46.2,51.2,64.6,72.5,88.3,72.8,58.1,37.3,21.4,23.0,93.3,513.0,15.3,0.6,0.0,0.0,1.0,0.0,0.0,1.0,0.0,0.0,0.0,0.0,23.4,3.2,1,236518,0,1,0,0,0,0,0,0,0,0,0,1,0,0.23134982720973815
106,2.0,15.5,16.0,21.8,30.7,43.6,48.5,44.3,44.2,37.8,27.4,27.9,25.3,22.2,25.0,24.7,26.1,23.6,21.8,21.3,25.0,23.2,30.5,36.2,39.4,30.1,45.0,45.8,40.0,26.0,24.5,21.5,26.3,21.9,28.5,22.1,19.0,7.3,0.0,5.7,91.3,633.0,8.4,1.1,0.0,0.0,0.0,0.0,1.0,1.0,0.0,0.0,0.0,0.0,23.4,1.5,1,514445,0,0,0,0,1,0,0,0,0,1,0,0,0,0.0725145997741978
107,1.0,0.0,0.0,0.0,0.0,0.0,0.0,0.0,0.0,0.0,0.0,0.0,0.0,0.0,0.0,0.0,0.0,0.0,0.0,0.0,0.0,0.0,0.0,0.0,0.0,0.0,0.0,0.0,0.0,0.0,0.0,0.0,0.0,0.0,0.0,0.0,0.0,0.0,0.0,0.0,59.7,462.0,8.9,0.9,0.0,1.0,0.0,0.0,0.0,1.0,0.0,0.0,0.0,1.0,23.4,3.2,1,236518,0,0,0,0,1,0,0,0,0,1,0,0,0,0.06493819094613414
108,1.0,9.6,11.5,13.7,18.2,30.5,44.7,34.3,35.0,29.6,21.4,16.7,16.4,16.9,19.1,17.9,18.2,19.3,18.4,17.2,20.2,23.2,21.6,26.4,30.1,33.0,41.7,38.5,32.8,24.5,22.1,21.5,18.5,25.3,24.7,20.8,19.3,10.4,9.3,4.8,116.2,499.0,10.9,1.1,0.0,0.0,0.0,0.0,1.0,1.0,0.0,0.0,0.0,0.0,22.5,3.5,1,442680,0,0,0,0,0,1,0,0,0,1,0,0,0,0.012717134031371605
109,1.0,44.3,33.4,30.8,40.5,61.3,72.7,56.3,58.2,49.2,40.5,32.4,27.9,25.8,27.1,25.9,29.7,22.7,25.1,22.2,24.5,21.2,27.6,27.8,31.6,27.9,41.7,39.3,30.2,26.4,22.9,21.0,20.1,18.1,20.4,17.1,17.0,11.7,11.3,8.3,86.3,519.0,36.9,1.0,0.0,0.0,1.0,0.0,1.0,1.0,0.0,1.0,0.0,0.0,22.8,4.2,1,300824,0,0,0,0,0,0,1,0,0,1,0,0,0,0.11394987649651267
110,1.0,15.3,19.0,23.7,37.7,62.9,92.9,74.2,75.2,48.7,32.9,29.4,27.0,28.1,27.3,27.1,30.7,26.4,25.3,24.3,32.4,26.1,29.3,34.6,39.9,38.4,46.3,34.3,26.4,25.2,23.6,21.1,21.2,28.2,27.4,22.9,20.0,13.0,11.1,6.2,74.7,539.0,12.6,1.3,0.0,0.0,1.0,0.0,0.0,1.0,0.0,0.0,0.0,0.0,23.4,3.2,1,236518,0,0,0,0,0,1,0,0,0,1,0,0,0,0.07311062588472626
111,1.0,33.3,23.0,24.9,37.9,56.8,96.1,101.0,68.1,62.0,41.7,35.5,35.1,29.5,33.7,33.0,32.4,32.1,30.2,29.5,33.8,33.6,44.6,44.6,55.2,51.8,53.5,61.9,44.8,36.5,31.0,29.0,25.1,26.9,22.4,28.1,18.9,14.0,9.3,2.0,80.0,628.0,7.3,1.0,0.0,0.0,1.0,0.0,0.0,1.0,0.0,0.0,0.0,0.0,23.4,3.2,1,236518,0,0,0,0,0,0,0,1,0,1,0,0,0,0.10126712858690233
112,1.0,20.1,19.4,16.9,21.5,29.2,44.6,33.4,30.2,22.6,28.0,25.9,24.2,38.8,40.3,39.9,47.7,49.8,49.3,56.5,71.8,66.7,82.0,79.1,99.2,100.1,113.7,126.2,105.7,75.8,63.3,67.9,85.4,92.2,117.6,90.4,80.3,41.0,32.5,31.0,81.4,447.0,6.8,1.0,0.0,0.0,1.0,0.0,1.0,1.0,0.0,1.0,0.0,0.0,22.9,2.2,1,318100,0,1,0,0,0,0,0,0,0,0,0,1,0,0.26453816572964484
113,2.0,3.4,3.4,5.0,8.6,15.1,14.9,10.9,8.3,5.9,4.6,4.6,4.8,4.2,4.5,4.2,4.3,3.4,3.6,3.5,3.3,3.0,3.5,3.4,4.2,4.3,4.2,3.0,2.3,1.7,1.9,1.6,1.8,1.5,1.7,1.4,1.0,0.5,0.6,0.2,73.9,477.0,8.3,0.8,0.0,1.0,1.0,0.0,0.0,1.0,0.0,0.0,0.0,1.0,23.4,3.2,1,236518,0,0,0,0,0,1,0,0,0,1,0,0,0,0.09237831611161736
114,1.0,19.7,14.4,9.4,13.1,16.8,18.6,12.4,12.2,13.8,12.4,13.8,18.7,19.2,25.1,31.7,30.3,28.9,28.9,34.3,43.5,50.7,44.9,45.6,53.6,64.9,78.8,87.9,70.5,59.3,45.5,42.8,42.7,46.3,45.2,43.1,36.9,24.2,20.1,9.6,95.2,507.0,11.4,0.9,0.0,1.0,0.0,1.0,1.0,1.0,0.0,1.0,0.0,0.0,22.9,2.2,1,318100,0,0,1,0,0,0,0,0,0,0,0,1,0,0.19560545363891133
115,1.0,0.0,0.0,0.0,0.0,0.0,0.0,0.0,0.0,0.0,0.0,0.0,0.0,0.0,0.0,0.0,0.0,0.0,0.0,0.0,0.0,0.0,0.0,0.0,0.0,0.0,0.0,0.0,0.0,0.0,0.0,0.0,0.0,0.0,0.0,0.0,0.0,0.0,0.0,0.0,90.7,479.0,9.6,0.9,0.0,0.0,1.0,0.0,0.0,1.0,0.0,0.0,0.0,0.0,22.9,2.6,1,394649,0,0,0,0,0,1,0,0,0,1,0,0,0,0.037927892302666646
116,1.0,17.4,23.5,19.7,22.2,24.5,32.9,22.2,17.0,19.9,18.9,23.5,26.1,25.4,26.9,29.3,28.5,30.0,30.4,32.4,39.3,44.5,48.9,58.2,66.8,80.5,89.9,108.6,88.2,65.2,62.5,69.3,64.2,68.2,64.9,71.8,52.4,43.9,26.5,23.8,72.9,728.0,12.0,1.0,0.0,1.0,1.0,0.0,0.0,1.0,0.0,0.0,0.0,0.0,20.9,1.8,1,131450,0,0,0,0,0,0,1,0,0,1,0,0,0,0.18532400323229545
117,5.0,19.0,16.8,23.8,34.8,48.9,81.9,73.7,59.6,46.5,36.0,36.4,34.5,36.3,37.1,37.9,39.1,45.0,39.8,39.3,49.1,45.7,47.0,49.9,60.6,52.7,70.0,66.2,48.4,37.6,33.4,35.4,40.1,41.2,45.6,30.6,28.0,12.8,13.5,5.8,87.8,605.0,9.3,1.3,0.0,0.0,1.0,0.0,0.0,1.0,0.0,0.0,0.0,0.0,22.5,3.5,1,442680,0,1,0,0,0,0,0,0,0,0,0,1,0,0.48521683315280617
118,5.0,17.0,27.8,26.8,39.6,55.7,82.9,71.3,62.6,42.3,44.2,46.0,44.2,26.4,42.3,40.6,38.3,38.7,32.9,33.7,36.8,34.3,41.3,42.4,42.3,43.1,46.8,53.6,33.0,26.6,20.7,28.2,23.7,27.3,29.7,21.0,24.4,16.7,13.0,0.7,98.9,586.0,13.4,0.9,1.0,0.0,1.0,0.0,1.0,1.0,0.0,1.0,0.0,0.0,23.2,3.3,1,153684,0,0,0,1,0,0,0,0,0,1,0,0,0,0.2871814269094327
119,1.0,28.1,20.4,21.1,27.9,41.0,64.7,59.0,46.8,30.7,23.7,21.4,18.7,18.9,17.5,20.8,19.6,17.9,15.6,16.9,18.1,21.2,24.1,25.9,34.0,23.5,27.0,24.2,17.1,12.3,12.8,10.5,10.9,9.0,10.3,8.7,5.9,4.9,4.1,1.6,60.0,568.0,6.9,0.9,0.0,0.0,0.0,0.0,0.0,1.0,0.0,0.0,0.0,0.0,20.9,1.8,1,131450,0,0,0,0,0,0,0,1,0,0,0,1,0,0.05376270137372557
120,6.0,14.4,16.3,19.5,25.9,33.9,57.1,56.2,40.6,36.4,38.7,30.5,36.9,33.1,31.5,34.6,32.1,31.4,30.4,27.5,28.5,28.9,32.1,35.5,37.1,37.0,39.4,40.0,29.0,23.1,17.7,20.4,19.5,22.3,22.3,17.3,19.0,11.6,10.6,7.2,94.1,503.0,10.9,0.9,0.0,1.0,1.0,1.0,1.0,1.0,0.0,0.0,0.0,1.0,23.9,1.5,1,459970,0,0,0,1,0,0,0,0,0,0,1,0,0,0.05420972095662191
121,6.0,6.6,10.0,10.4,14.7,25.4,43.3,35.9,32.4,33.8,25.0,19.6,16.7,19.3,18.7,21.5,21.4,21.9,21.0,19.4,23.2,26.5,28.2,29.9,36.6,38.3,55.8,55.9,45.9,34.8,31.4,31.2,30.1,36.5,37.2,34.6,33.9,16.0,15.3,8.8,103.6,492.0,10.0,0.8,0.0,0.0,0.0,0.0,0.0,0.0,0.0,0.0,0.0,0.0,23.9,1.5,1,459970,0,0,0,0,0,1,0,0,0,0,0,1,0,0.06923645616629129
122,4.0,21.0,26.4,23.6,33.2,42.4,81.3,60.1,46.6,37.6,27.4,35.3,36.7,37.9,41.0,44.1,49.2,41.5,47.2,50.0,49.8,56.6,49.2,66.4,56.7,68.4,80.8,78.0,54.8,34.4,27.8,29.7,33.9,48.8,43.0,43.8,33.9,39.1,15.3,8.2,92.2,520.0,17.2,0.5,0.0,0.0,0.0,0.0,1.0,1.0,0.0,0.0,0.0,0.0,22.9,2.3,1,668261,0,1,0,0,0,0,0,0,0,1,0,0,0,0.6428026981643542
123,1.0,0.0,4.6,2.3,2.3,2.2,2.0,1.8,1.2,1.9,1.5,2.3,2.2,2.4,2.5,3.0,3.3,3.3,3.2,3.5,4.2,4.7,4.7,5.4,5.8,6.3,7.8,6.3,6.6,4.4,4.5,3.9,4.9,4.7,5.2,5.7,4.3,3.3,2.4,2.1,82.60497925311203,559.49377593361,12.681742738589211,0.976763485477178,0.0,0.0,1.0,1.0,1.0,1.0,0.0,0.0,0.0,0.0,21.9,3.0,1,578426,0,0,0,1,0,0,0,0,0,1,0,0,0,0.2178532744184447
124,1.0,56.4,41.9,37.8,53.2,76.3,91.0,70.2,74.9,58.9,51.3,36.1,31.4,32.6,29.0,32.7,32.7,29.7,25.6,28.8,25.9,25.6,27.9,34.3,33.1,32.4,37.8,39.7,29.1,25.7,23.3,19.5,20.9,19.3,20.6,17.9,16.0,11.4,10.2,7.0,71.7,561.0,11.5,1.0,0.0,0.0,1.0,0.0,1.0,1.0,0.0,1.0,0.0,1.0,22.9,2.3,1,668261,0,0,0,0,0,0,1,0,0,1,0,0,0,0.1282888892709569
125,1.0,26.4,22.2,29.3,49.1,62.8,84.8,62.8,41.7,33.3,31.4,25.5,27.0,27.6,29.4,27.7,23.1,27.2,21.2,23.3,19.1,25.2,25.4,27.6,41.6,32.8,32.4,29.2,19.5,15.0,12.6,13.8,17.3,17.2,16.0,13.4,11.3,7.0,2.7,2.8,78.8,710.0,15.9,1.2,1.0,0.0,1.0,0.0,1.0,1.0,0.0,1.0,0.0,1.0,23.9,1.5,1,459970,0,0,0,0,0,0,1,0,0,0,0,1,0,0.18108304821507373
126,1.0,5.1,5.7,6.2,7.1,10.8,20.3,16.9,15.0,17.2,13.1,12.7,14.7,13.6,16.0,17.1,17.2,18.7,18.8,20.4,20.5,24.6,26.5,27.7,31.0,35.2,55.6,54.9,44.3,36.1,31.1,27.7,30.1,34.4,36.7,30.6,31.0,17.9,13.9,7.1,101.6,519.0,12.7,1.4,0.0,1.0,1.0,0.0,1.0,1.0,0.0,1.0,0.0,1.0,22.4,2.8,1,378629,0,0,0,0,0,1,0,0,0,1,0,0,0,0.10078572288224473
127,2.0,19.5,18.0,17.4,22.1,30.5,50.6,33.4,30.6,20.3,22.7,22.7,21.0,31.8,35.7,35.9,42.2,44.1,45.3,49.8,58.6,67.1,65.1,71.0,81.9,91.4,95.0,103.0,87.6,63.3,49.5,54.8,69.0,82.0,92.1,79.8,57.8,39.2,24.9,23.7,82.0,477.0,10.6,0.8,0.0,1.0,1.0,0.0,1.0,1.0,0.0,0.0,0.0,0.0,23.7,2.4,1,353110,0,1,0,0,0,0,0,0,0,0,0,1,0,0.15916762661256584
128,1.0,16.2,16.5,21.6,32.7,57.1,70.8,56.0,41.1,30.6,23.8,20.3,19.5,18.9,19.6,17.9,20.8,17.0,16.3,14.5,17.1,15.6,17.9,17.7,19.8,21.2,20.9,16.4,14.2,9.7,9.4,8.5,8.9,10.2,9.7,7.5,8.0,4.4,4.1,2.7,86.7,517.0,20.0,1.1,1.0,1.0,1.0,0.0,1.0,1.0,0.0,0.0,1.0,1.0,23.2,3.3,1,153684,0,0,0,0,0,1,0,0,0,1,0,0,0,0.06386649015124163
129,3.0,5.9,9.0,15.9,23.4,31.1,31.4,27.0,25.2,17.2,13.1,12.0,10.4,9.2,9.0,9.9,9.3,7.1,7.9,8.0,7.6,8.4,11.8,16.3,19.0,10.9,9.8,8.4,6.4,4.5,3.6,3.4,3.0,2.3,2.6,2.2,2.1,1.6,0.7,0.0,90.3,625.0,9.4,0.9,0.0,0.0,1.0,0.0,1.0,1.0,0.0,1.0,0.0,1.0,23.7,2.4,1,353110,0,0,0,0,1,0,0,0,0,0,0,1,0,0.16705351053648082
130,1.0,7.8,10.3,6.1,9.4,10.8,15.0,16.9,15.5,15.2,17.1,14.4,11.3,16.6,14.2,13.0,16.8,16.9,15.6,14.8,21.6,20.1,20.7,30.1,24.2,31.3,40.7,62.3,49.3,38.8,32.1,29.8,28.7,35.5,37.5,30.8,27.4,22.6,11.2,11.5,87.4,568.0,9.5,0.8,0.0,0.0,1.0,0.0,1.0,1.0,0.0,1.0,0.0,0.0,23.9,1.5,1,459970,0,0,0,0,0,1,0,0,0,0,0,1,0,0.14253047470041091
131,3.0,13.6,17.3,16.9,28.9,39.5,46.4,29.0,23.6,23.6,19.9,18.9,22.3,21.4,21.3,22.7,27.9,25.7,26.2,27.5,30.9,31.7,38.5,42.0,54.5,63.6,77.2,60.7,38.0,38.8,34.8,32.4,35.5,37.3,38.6,33.9,25.3,20.8,16.6,4.3,81.0,529.0,14.2,1.2,0.0,0.0,1.0,0.0,1.0,1.0,0.0,1.0,0.0,0.0,23.9,1.5,1,459970,0,0,0,0,1,0,0,0,0,1,0,0,0,0.23803792789230266
132,2.0,26.0,15.8,18.8,21.8,31.1,45.0,33.5,29.9,24.4,27.3,28.0,27.3,41.2,44.7,44.1,50.5,52.0,52.5,61.7,77.8,77.4,85.3,87.5,109.9,115.8,136.7,131.3,104.6,80.7,67.8,72.3,88.4,103.8,119.0,92.4,65.2,36.3,30.5,21.0,86.5,481.0,7.2,1.0,0.0,0.0,0.0,0.0,0.0,1.0,0.0,0.0,1.0,1.0,21.9,3.0,1,578426,0,1,0,0,0,0,0,0,0,0,1,0,0,0.5687579159717805
133,6.0,8.2,12.9,21.5,28.4,46.7,70.0,74.5,52.2,57.1,38.5,31.3,45.9,36.5,34.9,36.0,35.0,35.2,31.6,29.6,28.7,26.0,27.5,32.7,26.8,34.4,40.3,42.7,29.8,21.7,15.1,15.9,17.1,16.0,19.0,15.2,10.5,7.8,6.0,0.9,76.4,627.0,16.4,0.6,0.0,1.0,0.0,0.0,1.0,1.0,0.0,1.0,0.0,1.0,21.9,3.0,1,578426,1,0,0,0,0,0,0,0,0,0,0,0,1,0.5164279696714406
134,6.0,9.0,16.7,21.6,23.6,33.0,50.4,54.0,44.3,48.3,40.4,40.0,53.7,45.3,41.8,48.6,47.1,41.0,40.8,39.0,42.2,40.5,45.1,49.1,51.7,56.1,57.2,61.6,48.3,34.9,27.0,31.4,30.7,33.8,34.0,25.9,26.5,24.5,15.2,9.3,87.7,722.0,17.6,1.0,0.0,1.0,1.0,0.0,1.0,1.0,0.0,0.0,0.0,1.0,23.6,3.0,1,291609,0,0,0,1,0,0,0,0,0,1,0,0,0,0.16146003472998297
135,2.0,23.6,18.2,25.5,33.3,52.6,79.9,84.9,61.2,55.1,38.1,39.5,37.7,46.3,45.4,46.8,53.7,56.2,48.5,55.8,65.1,61.5,68.7,65.8,88.8,73.4,98.3,96.0,69.7,53.7,44.4,44.3,55.2,57.2,65.2,47.1,33.9,17.5,15.4,10.7,92.8,479.0,14.9,0.5,1.0,1.0,0.0,0.0,0.0,1.0,0.0,0.0,0.0,1.0,20.9,1.8,1,131450,0,1,0,0,0,0,0,0,1,0,0,0,0,0.25409624675480974
136,3.0,13.1,13.9,17.8,27.9,46.7,58.5,47.6,33.7,23.5,22.3,18.0,17.3,16.2,16.9,17.6,15.9,15.2,14.0,13.3,14.8,13.8,16.2,15.3,17.1,18.7,18.3,16.6,11.4,10.2,8.2,8.2,9.7,7.6,9.8,9.6,6.2,4.3,4.9,1.8,86.7,478.0,22.4,0.9,0.0,0.0,1.0,0.0,1.0,1.0,0.0,1.0,0.0,0.0,23.9,1.5,1,459970,0,0,0,0,0,1,0,0,0,0,0,1,0,0.14516674403544064
137,2.0,19.7,23.4,29.4,38.1,69.8,97.9,97.0,80.5,63.3,48.1,50.3,40.6,45.6,43.0,48.6,41.7,48.5,40.0,45.9,50.7,52.2,62.6,63.9,79.9,82.1,110.6,115.6,73.7,54.1,48.4,44.1,47.6,39.5,42.6,39.6,32.1,19.6,15.6,5.1,85.1,636.0,10.4,1.0,0.0,0.0,0.0,0.0,1.0,1.0,0.0,0.0,0.0,0.0,21.9,3.0,1,578426,0,0,0,0,0,0,0,1,0,1,0,0,0,0.08619454521488461
138,3.0,10.7,11.0,12.2,15.7,23.5,43.9,32.4,26.9,28.8,24.0,21.8,28.4,30.6,26.6,33.3,37.7,31.4,36.0,39.9,34.8,47.0,41.3,46.1,41.9,46.2,57.5,75.2,48.0,34.0,27.2,29.0,37.6,39.1,40.4,33.1,26.8,28.4,18.0,13.1,92.9,580.0,16.5,1.0,0.0,0.0,1.0,0.0,1.0,1.0,0.0,0.0,0.0,0.0,23.6,3.0,1,291609,0,1,0,0,0,0,0,0,0,0,0,0,1,0.654138656304982
139,2.0,19.7,19.7,25.5,36.0,52.6,89.4,76.6,46.8,39.3,31.2,34.9,44.4,36.8,38.7,41.3,43.3,39.9,42.5,37.7,42.7,37.5,43.5,47.7,45.6,51.1,59.6,53.5,37.0,25.9,23.5,23.0,31.4,38.0,40.0,38.2,34.1,32.6,13.7,4.6,82.60497925311203,559.49377593361,12.681742738589211,0.976763485477178,0.0,1.0,1.0,0.0,1.0,1.0,0.0,0.0,0.0,0.0,22.9,2.3,1,668261,0,1,0,0,0,0,0,0,1,0,0,0,0,0.46417825765521037
140,2.0,23.5,14.2,14.1,11.9,13.3,16.6,13.6,15.2,15.7,16.2,19.9,23.7,26.2,27.1,29.3,34.6,34.2,33.8,37.8,46.9,50.0,57.4,65.0,84.5,84.5,101.5,117.1,91.4,69.2,58.5,56.4,65.9,68.8,78.2,67.9,51.7,46.9,31.3,22.1,92.6,534.0,11.8,0.7,0.0,0.0,0.0,0.0,1.0,1.0,0.0,0.0,0.0,0.0,22.4,2.8,1,378629,0,0,0,1,0,0,0,0,0,0,0,1,0,0.2384161752316765
141,2.0,23.3,13.1,10.9,13.0,16.1,17.8,9.3,4.8,5.4,6.7,7.4,8.6,8.2,9.0,9.4,10.1,9.5,9.3,9.7,10.9,11.5,12.8,13.8,15.2,16.6,22.7,18.2,11.8,8.6,9.5,10.2,10.2,9.9,10.1,8.3,6.6,5.2,3.3,2.0,69.1,507.0,10.8,1.0,0.0,0.0,1.0,0.0,1.0,1.0,0.0,0.0,0.0,0.0,23.9,1.5,1,459970,0,0,0,0,1,0,0,0,0,1,0,0,0,0.06227326650963671
142,1.0,24.3,26.5,33.8,50.8,81.6,107.5,109.9,86.8,71.5,53.9,55.0,52.2,41.2,46.2,52.3,50.7,48.3,43.2,48.2,58.4,50.5,67.2,69.3,89.0,82.2,119.4,124.1,81.4,57.0,49.6,46.9,50.7,41.3,46.1,38.0,27.4,21.4,12.2,2.8,72.1,644.0,11.6,1.1,0.0,0.0,1.0,0.0,1.0,1.0,0.0,1.0,0.0,1.0,22.9,1.8,1,449378,0,0,0,0,0,0,0,1,0,1,0,0,0,0.08868753904257574
143,2.0,17.2,21.1,20.1,20.8,29.2,34.9,21.3,17.9,19.8,18.2,21.5,25.1,23.2,25.9,26.4,27.0,27.3,27.8,28.6,34.5,38.5,42.4,51.1,59.0,71.1,68.9,86.0,73.2,54.6,46.4,56.6,56.3,54.5,54.1,58.4,42.6,35.9,24.0,17.8,93.0,610.0,14.2,1.0,0.0,0.0,1.0,0.0,0.0,1.0,0.0,1.0,0.0,1.0,21.9,2.1,1,280984,0,0,0,0,0,0,1,0,0,0,0,1,0,0.14027818372504858
144,2.0,5.9,5.0,12.3,16.3,25.7,38.2,26.1,18.0,16.4,13.2,14.4,15.4,13.1,17.7,14.0,13.8,12.8,11.9,15.1,13.1,11.4,13.4,14.0,17.2,13.9,20.0,17.5,10.5,7.4,6.5,6.5,6.6,6.6,6.8,5.9,5.7,4.1,2.0,1.9,82.9,504.0,9.0,0.6,0.0,0.0,1.0,0.0,1.0,1.0,0.0,0.0,0.0,0.0,21.9,3.0,1,578426,0,0,1,0,0,0,0,0,0,0,0,1,0,0.19629890709443001
145,1.0,30.2,15.4,13.3,14.7,15.1,16.1,12.7,11.9,13.1,11.1,15.6,15.8,18.1,22.2,20.0,23.4,26.4,26.6,27.2,32.2,35.4,37.7,47.3,56.9,60.7,70.0,71.6,64.9,46.2,40.2,36.7,44.0,42.3,48.7,50.0,35.3,31.2,19.9,14.0,88.1,508.0,6.1,0.8,0.0,0.0,1.0,0.0,1.0,1.0,0.0,0.0,0.0,0.0,22.9,2.3,1,668261,0,0,0,1,0,0,0,0,0,0,1,0,0,0.40271879602725674
146,1.0,4.9,4.1,3.7,4.2,6.7,14.3,12.6,11.4,8.9,8.7,6.8,6.8,6.8,8.7,8.6,9.4,8.9,9.4,8.7,12.6,11.3,14.8,16.1,15.0,11.2,13.7,12.8,11.0,9.1,8.2,7.1,7.6,8.2,10.1,7.2,5.5,4.7,1.9,1.0,61.0,630.0,12.5,1.2,0.0,0.0,0.0,1.0,1.0,1.0,0.0,0.0,0.0,0.0,21.9,3.0,1,578426,0,0,0,0,0,0,0,1,0,1,0,0,0,0.04667342927061305
147,1.0,15.4,16.9,20.6,23.3,32.0,53.4,55.5,36.2,39.2,34.6,30.1,37.1,34.1,30.9,35.0,33.6,31.8,29.2,30.2,32.6,28.6,33.5,38.9,37.7,42.0,40.9,43.5,30.7,24.1,19.0,21.9,21.4,23.9,24.5,19.5,19.5,14.7,11.0,6.6,93.0,480.0,15.1,0.8,0.0,1.0,1.0,0.0,1.0,1.0,0.0,1.0,0.0,0.0,23.9,1.5,1,459970,0,0,0,1,0,0,0,0,0,1,0,0,0,0.16182682002876972
148,2.0,9.3,6.9,7.9,7.0,9.9,11.4,8.2,5.9,5.8,6.1,6.9,7.4,7.6,8.3,7.6,8.7,8.4,8.3,8.3,9.6,10.7,11.2,13.4,14.8,17.9,18.9,18.6,16.2,12.3,11.2,12.3,13.3,12.5,13.5,11.9,11.2,7.8,5.0,3.3,63.5,591.0,16.3,1.0,0.0,1.0,0.0,0.0,1.0,1.0,0.0,0.0,0.0,0.0,23.2,3.3,1,153684,0,0,0,0,0,0,1,0,0,0,0,1,0,0.17038896434732276
149,4.0,7.7,11.2,19.6,24.4,36.2,53.7,51.7,47.1,47.1,37.4,27.2,41.1,38.0,34.5,34.8,35.3,33.7,32.4,30.4,30.3,28.3,29.7,34.2,30.8,35.6,51.1,48.7,36.1,24.2,18.7,18.3,20.7,22.0,24.0,18.7,13.7,10.0,6.9,1.0,100.7,610.0,17.8,1.0,0.0,0.0,1.0,0.0,1.0,1.0,0.0,0.0,0.0,0.0,21.9,3.0,1,578426,1,0,0,0,0,0,0,0,1,0,0,0,0,0.2798399899134043
150,4.0,19.0,25.7,23.2,31.7,44.5,76.5,62.3,42.6,38.0,27.2,35.6,36.5,38.0,40.9,42.4,51.3,41.7,45.9,52.8,50.1,54.8,51.7,67.7,58.0,71.0,86.8,77.8,53.4,35.8,30.2,29.3,35.2,50.6,43.2,46.0,35.8,41.3,16.5,9.3,109.3,558.0,10.0,1.0,0.0,0.0,1.0,0.0,1.0,1.0,0.0,0.0,0.0,0.0,23.6,3.0,1,291609,0,1,0,0,0,0,0,0,1,0,0,0,0,0.28122689682444163
151,1.0,19.7,19.4,28.2,43.5,56.2,75.6,59.5,58.5,53.1,39.2,32.8,34.1,29.3,27.5,28.0,28.4,27.5,23.5,24.6,23.2,23.7,24.9,28.8,32.8,31.1,25.8,27.3,23.3,21.4,16.5,15.3,15.1,17.2,15.3,14.2,13.3,11.5,7.7,2.6,68.5,491.0,13.4,1.2,0.0,0.0,1.0,1.0,1.0,1.0,0.0,0.0,0.0,1.0,22.7,2.1,1,400241,0,0,0,0,1,0,0,0,0,1,0,0,0,0.06897856025308186
152,1.0,8.9,15.3,10.1,12.5,17.4,24.2,16.3,11.9,17.6,15.5,15.7,18.2,19.2,19.8,21.4,24.7,25.5,25.8,25.8,31.9,32.2,38.6,44.4,55.6,72.3,82.9,75.1,52.2,45.2,44.5,41.8,42.5,44.5,50.1,42.4,34.2,28.5,24.4,17.9,70.4,558.0,13.6,1.0,0.0,0.0,1.0,0.0,1.0,1.0,0.0,0.0,0.0,0.0,22.9,1.8,1,449378,0,0,0,0,1,0,0,0,0,1,0,0,0,0.03710835640069002
153,1.0,48.1,26.9,24.8,33.7,49.6,80.6,63.4,48.0,30.7,27.5,28.0,24.5,28.7,39.8,35.5,42.8,41.0,43.7,43.1,50.9,50.2,57.4,60.0,70.6,73.4,65.1,82.9,58.9,44.5,37.3,34.6,44.3,55.4,64.4,56.6,39.8,25.6,14.2,14.7,82.60497925311203,559.49377593361,12.681742738589211,0.976763485477178,0.0,0.0,1.0,0.0,1.0,1.0,0.0,1.0,0.0,1.0,23.7,2.4,1,353110,0,1,0,0,0,0,0,0,0,1,0,0,0,0.007077810062525431
154,1.0,19.0,25.7,23.2,31.7,44.5,76.5,62.3,42.6,38.0,27.2,35.6,36.5,38.0,40.9,42.4,51.3,41.7,45.9,52.8,50.1,54.8,51.7,67.7,58.0,71.0,86.8,77.8,53.4,35.8,30.2,29.3,35.2,50.6,43.2,46.0,35.8,41.3,16.5,9.3,95.8,563.0,7.5,1.1,0.0,0.0,0.0,0.0,1.0,1.0,0.0,0.0,0.0,0.0,22.4,2.8,1,378629,0,1,0,0,0,0,0,0,0,0,0,1,0,0.16062903678741927
155,1.0,14.5,15.0,18.9,26.4,46.1,66.5,53.1,57.3,34.4,26.1,21.2,22.8,20.2,23.3,22.2,23.1,22.5,22.4,22.1,22.8,27.6,27.7,31.1,34.1,33.9,42.9,32.8,27.1,20.9,20.1,19.6,20.4,21.2,24.3,22.6,18.2,11.6,10.4,4.6,67.9,496.0,26.6,1.3,0.0,0.0,0.0,0.0,1.0,1.0,0.0,0.0,0.0,0.0,22.7,2.1,1,400241,0,0,0,0,0,1,0,0,0,1,0,0,0,0.09527821238015004
156,1.0,48.1,26.9,24.8,33.7,49.6,80.6,63.4,48.0,30.7,27.5,28.0,24.5,28.7,39.8,35.5,42.8,41.0,43.7,43.1,50.9,50.2,57.4,60.0,70.6,73.4,65.1,82.9,58.9,44.5,37.3,34.6,44.3,55.4,64.4,56.6,39.8,25.6,14.2,14.7,82.60497925311203,559.49377593361,12.681742738589211,0.976763485477178,0.0,0.0,0.0,0.0,1.0,1.0,0.0,0.0,0.0,1.0,22.7,2.1,1,400241,0,1,0,0,0,0,0,0,0,0,1,0,0,0.313228914143585
157,1.0,61.0,44.7,42.4,58.3,77.1,99.5,79.7,77.6,63.5,49.9,38.5,33.7,32.9,31.4,34.5,34.6,32.2,27.9,31.3,29.4,27.9,33.2,39.7,36.9,36.3,40.7,39.8,32.1,26.0,25.4,21.9,24.3,22.1,23.0,19.8,18.4,13.2,11.5,6.7,85.9,542.0,14.6,1.2,0.0,0.0,1.0,0.0,1.0,1.0,0.0,1.0,0.0,1.0,22.7,2.1,1,400241,0,0,0,0,0,0,1,0,0,0,0,1,0,0.19052776965883236
158,3.0,28.9,31.4,32.0,46.3,73.4,121.2,101.8,75.5,51.2,36.0,38.0,33.0,37.2,42.3,50.0,44.3,48.6,46.3,40.5,42.9,41.1,49.9,40.0,49.0,44.1,55.3,72.7,46.7,31.5,27.1,25.0,26.5,32.4,38.0,30.9,20.1,17.5,9.9,9.8,73.2,498.0,9.1,0.9,0.0,1.0,0.0,1.0,1.0,1.0,0.0,0.0,0.0,1.0,22.7,2.1,1,400241,0,1,0,0,0,0,0,0,0,0,1,0,0,0.5761509321504508
159,5.0,35.8,24.1,22.6,28.5,44.1,71.2,53.4,40.0,26.0,24.9,25.5,23.4,28.9,36.5,35.5,42.0,41.3,42.1,44.5,50.3,56.1,56.5,60.6,71.7,75.2,72.1,80.1,62.1,45.7,38.2,41.1,48.6,59.4,71.6,63.1,43.9,28.6,17.3,14.5,93.0,571.0,5.5,0.9,0.0,0.0,0.0,0.0,1.0,1.0,0.0,0.0,0.0,0.0,22.7,2.1,1,400241,0,1,0,0,0,0,0,0,0,0,1,0,0,0.751497229051688
160,2.0,6.4,7.4,11.8,20.1,29.4,54.3,47.5,45.4,39.0,35.0,41.9,46.4,52.4,58.5,56.4,48.1,46.3,54.8,61.7,67.8,58.7,51.7,62.6,73.6,79.6,91.8,105.0,84.9,61.9,48.2,45.1,50.7,45.5,50.2,45.2,30.7,23.9,16.9,4.3,96.2,535.0,7.4,0.7,0.0,0.0,0.0,0.0,0.0,1.0,0.0,1.0,0.0,0.0,22.9,2.3,1,668261,0,0,1,0,0,0,0,0,1,0,0,0,0,0.3648080967854707
161,5.0,7.2,7.9,9.1,8.5,10.5,17.6,17.6,18.5,23.1,19.6,18.7,24.7,27.2,24.9,30.1,27.5,30.4,29.6,33.6,32.1,33.8,31.3,39.5,43.3,46.4,58.2,64.1,45.4,29.8,24.0,26.6,29.0,32.1,41.0,31.2,20.6,13.0,9.3,8.0,98.5,511.0,11.2,1.1,1.0,0.0,0.0,1.0,1.0,1.0,0.0,1.0,0.0,0.0,22.9,1.8,1,449378,1,0,0,0,0,0,0,0,0,1,0,0,0,0.1527431528635043
163,2.0,15.9,17.9,21.4,28.0,36.7,62.8,59.9,44.4,39.3,42.1,32.6,41.8,31.9,33.9,37.1,34.1,33.2,31.7,28.8,29.6,30.5,32.8,39.9,41.5,41.9,42.4,47.2,32.3,26.8,19.7,23.3,22.6,25.2,24.6,20.5,21.0,14.3,10.4,7.9,92.6,505.0,15.7,1.0,1.0,0.0,1.0,0.0,1.0,1.0,0.0,0.0,0.0,1.0,23.6,3.0,1,291609,0,0,0,1,0,0,0,0,0,1,0,0,0,0.2001616147722779
164,1.0,19.0,16.9,13.0,16.1,21.3,25.4,15.3,10.2,12.2,12.0,13.5,14.3,16.3,18.1,16.7,21.2,20.9,21.7,23.4,26.4,29.5,34.8,36.6,44.3,55.5,69.5,70.0,50.0,38.0,42.2,37.5,39.7,38.6,45.2,41.7,30.2,26.3,19.9,15.2,59.0,493.0,9.7,0.9,0.0,0.0,0.0,0.0,1.0,1.0,0.0,0.0,0.0,1.0,21.9,3.0,1,578426,0,0,0,0,1,0,0,0,0,0,0,1,0,0.14152754614904092
165,1.0,17.5,19.3,26.2,35.2,61.3,102.4,92.8,53.7,44.3,33.4,38.8,45.4,37.4,39.9,43.0,43.5,41.0,41.6,37.5,40.6,35.4,42.7,44.2,41.8,41.4,42.2,42.6,32.3,23.0,22.3,22.9,31.1,35.9,42.7,35.9,32.9,34.2,14.8,6.3,101.9,463.0,12.0,1.1,0.0,0.0,0.0,0.0,0.0,1.0,0.0,0.0,0.0,0.0,20.9,1.8,1,131450,0,1,0,0,0,0,0,0,0,0,0,1,0,0.11676380746064222
166,4.0,22.6,17.8,27.6,37.4,61.5,100.7,88.4,57.9,45.6,35.4,41.7,46.2,39.3,42.7,40.0,43.5,41.1,40.9,34.9,40.1,33.7,37.8,40.0,39.5,36.2,40.9,40.5,29.9,22.2,20.9,21.3,32.4,33.3,40.7,35.5,35.3,30.9,14.2,4.9,90.9,568.0,9.2,0.9,0.0,1.0,1.0,0.0,1.0,1.0,0.0,0.0,0.0,0.0,23.0,3.8,1,352592,0,1,0,0,0,0,0,0,1,0,0,0,0,0.3975666087833617
167,3.0,53.8,34.5,34.2,46.5,66.3,81.9,62.8,66.9,53.7,44.3,34.9,30.5,28.4,29.9,28.1,32.0,24.2,26.7,23.8,26.0,22.1,29.5,29.1,32.8,27.9,39.5,39.1,28.9,25.2,22.2,20.3,19.7,18.2,18.8,16.7,16.0,10.6,11.3,5.6,89.4,578.0,15.7,1.3,0.0,1.0,1.0,0.0,1.0,1.0,0.0,0.0,0.0,0.0,23.2,3.3,1,153684,0,0,0,0,0,0,1,0,0,0,0,1,0,0.12545776524594673
168,1.0,7.4,6.2,5.1,6.4,10.6,17.5,20.2,14.3,10.2,11.0,8.1,8.4,7.5,9.4,9.5,10.2,9.3,9.8,9.8,13.2,12.0,14.7,16.4,15.7,11.5,13.9,12.8,11.0,9.2,8.2,8.1,8.0,8.3,10.1,7.4,5.9,4.9,2.3,1.3,76.9,673.0,27.2,1.2,0.0,1.0,1.0,1.0,1.0,1.0,0.0,1.0,0.0,1.0,23.9,1.5,1,459970,0,0,0,0,0,0,0,1,0,1,0,0,0,0.03750379680094447
169,1.0,0.0,23.6,13.3,14.2,17.7,16.8,13.2,12.8,12.7,11.8,14.6,15.2,17.6,20.0,19.3,22.8,23.1,23.9,23.5,26.9,31.4,32.9,40.7,48.1,48.8,57.6,58.2,51.5,35.8,30.8,29.7,34.7,33.3,36.0,39.9,26.1,23.5,18.2,11.5,94.0,501.0,5.7,0.8,0.0,0.0,1.0,0.0,1.0,1.0,0.0,0.0,0.0,1.0,20.9,1.8,1,131450,0,0,0,1,0,0,0,0,0,0,1,0,0,0.3303990509430394
170,1.0,27.8,24.1,33.5,53.1,63.3,87.5,67.2,73.6,64.5,48.1,41.3,40.8,35.8,38.9,37.5,38.8,33.8,32.4,31.3,32.5,33.8,38.3,43.2,52.9,41.3,45.6,47.8,43.4,35.4,29.0,25.5,28.8,26.6,28.8,25.5,23.1,14.4,10.2,4.8,62.0,545.0,8.6,0.9,0.0,0.0,1.0,0.0,1.0,1.0,0.0,0.0,0.0,1.0,21.7,1.5,1,317075,0,0,0,0,1,0,0,0,0,0,0,1,0,0.16939749783653985
171,2.0,17.5,19.3,26.2,35.2,61.3,102.4,92.8,53.7,44.3,33.4,38.8,45.4,37.4,39.9,43.0,43.5,41.0,41.6,37.5,40.6,35.4,42.7,44.2,41.8,41.4,42.2,42.6,32.3,23.0,22.3,22.9,31.1,35.9,42.7,35.9,32.9,34.2,14.8,6.3,91.6,555.0,12.2,0.9,0.0,0.0,0.0,0.0,0.0,0.0,0.0,0.0,0.0,0.0,21.9,2.1,1,280984,0,1,0,0,0,0,0,0,0,1,0,0,0,0.11399572465886101
172,1.0,16.7,14.4,10.7,16.4,19.6,25.0,29.5,25.2,26.9,23.2,26.4,30.4,32.6,37.9,46.0,44.4,35.8,41.0,48.2,65.1,65.8,54.9,56.6,72.4,87.2,99.8,110.7,88.5,74.0,58.1,54.4,58.2,55.0,59.7,58.8,45.8,33.8,23.8,11.5,78.4,522.0,24.3,1.0,0.0,0.0,0.0,0.0,0.0,0.0,0.0,0.0,0.0,0.0,21.9,2.1,1,280984,0,0,1,0,0,0,0,0,1,0,0,0,0,0.2844649232902934
173,1.0,14.4,17.0,21.3,34.1,61.1,82.7,64.7,64.4,42.2,31.7,28.0,27.0,24.4,27.5,25.8,27.7,26.5,24.1,24.9,30.4,27.8,28.9,36.5,37.4,39.4,43.9,33.4,26.9,23.9,23.0,19.7,23.8,27.7,27.4,22.8,18.2,12.9,11.4,3.6,67.9,555.0,11.2,1.4,0.0,0.0,1.0,0.0,0.0,1.0,0.0,1.0,0.0,1.0,21.9,2.1,1,280984,0,0,0,0,0,1,0,0,0,1,0,0,0,0.16380975305033554
174,1.0,23.8,21.8,31.3,47.9,62.9,81.5,62.8,67.3,58.8,43.2,36.8,37.4,31.4,31.7,31.9,33.1,30.4,27.7,27.8,26.2,27.4,29.5,35.0,39.3,33.9,32.8,32.6,29.8,26.8,19.9,18.4,17.7,19.0,19.6,16.8,16.2,13.5,5.7,3.5,76.2,654.0,10.8,1.0,0.0,0.0,1.0,0.0,1.0,1.0,0.0,0.0,0.0,0.0,23.6,3.0,1,291609,0,0,0,0,0,0,0,1,0,0,0,1,0,0.20340537225842317
175,2.0,6.9,7.0,10.5,17.2,27.0,48.9,37.8,35.9,32.3,30.9,33.8,45.5,45.2,48.8,60.7,46.7,46.0,51.4,62.0,73.6,59.1,54.5,60.5,76.9,79.8,99.2,119.1,94.1,69.4,61.1,49.7,58.0,48.0,62.6,47.7,37.0,28.3,18.0,3.7,88.5,504.0,6.9,0.7,0.0,0.0,1.0,0.0,1.0,1.0,0.0,1.0,0.0,0.0,21.9,3.0,1,578426,0,0,1,0,0,0,0,0,1,0,0,0,0,0.37829891855647063
176,2.0,10.6,19.3,15.6,28.6,41.0,47.3,30.2,23.1,25.0,20.4,19.9,22.5,22.8,22.3,24.2,27.6,27.9,27.0,28.7,31.2,34.6,37.1,42.3,53.6,64.6,79.2,69.5,40.3,40.8,36.0,33.4,35.0,38.2,39.9,34.4,25.6,21.8,16.2,6.0,81.0,594.0,14.7,1.2,1.0,0.0,1.0,0.0,1.0,1.0,0.0,1.0,0.0,0.0,22.5,3.5,1,442680,0,0,0,0,1,0,0,0,0,1,0,0,0,0.07037692920470631
177,1.0,9.5,6.6,10.4,19.5,28.1,44.6,50.5,35.4,32.9,29.3,32.4,41.9,40.8,45.3,56.7,42.9,42.4,42.2,51.3,57.8,52.4,43.2,47.8,57.2,66.9,70.3,87.8,73.5,55.5,45.5,37.2,38.4,36.3,43.6,35.7,29.4,18.9,16.7,8.5,101.5,583.0,8.9,0.9,0.0,1.0,1.0,0.0,0.0,1.0,0.0,1.0,0.0,1.0,22.4,2.8,1,378629,0,0,1,0,0,0,0,0,0,0,0,1,0,0.14491457914252473
178,1.0,10.0,11.7,13.2,18.4,30.0,44.1,34.6,33.2,31.2,21.4,14.9,17.1,17.1,19.1,17.2,19.2,19.7,17.4,18.4,20.5,23.6,21.8,26.8,30.3,33.3,41.9,37.8,34.6,23.8,23.7,21.8,18.9,26.1,25.2,21.3,19.8,10.8,9.6,5.0,114.9,542.0,9.1,1.1,0.0,1.0,1.0,0.0,1.0,1.0,0.0,0.0,0.0,0.0,22.4,2.8,1,378629,0,0,0,0,0,1,0,0,0,1,0,0,0,0.029268320639123383
179,4.0,8.5,9.8,20.6,30.3,41.1,67.8,56.7,43.2,39.7,34.8,40.1,47.0,45.1,50.2,44.3,36.5,38.3,40.8,51.8,50.2,39.9,45.4,50.5,63.7,64.5,83.2,81.4,62.0,41.3,31.6,30.1,31.1,29.3,35.6,27.1,19.6,14.0,9.9,2.7,88.1,560.0,8.6,0.7,0.0,1.0,0.0,0.0,1.0,1.0,0.0,0.0,0.0,0.0,20.6,5.1,0,476013,0,0,1,0,0,0,0,0,1,0,0,0,0,0.4960369994670151
180,1.0,10.6,19.3,15.6,28.6,41.0,47.3,30.2,23.1,25.0,20.4,19.9,22.5,22.8,22.3,24.2,27.6,27.9,27.0,28.7,31.2,34.6,37.1,42.3,53.6,64.6,79.2,69.5,40.3,40.8,36.0,33.4,35.0,38.2,39.9,34.4,25.6,21.8,16.2,6.0,72.5,424.0,8.8,0.8,1.0,0.0,1.0,0.0,1.0,1.0,0.0,0.0,0.0,0.0,23.4,3.2,1,236518,0,1,0,0,0,0,0,0,0,1,0,0,0,0.07172944999398242
181,1.0,15.4,17.7,14.7,17.3,23.2,29.2,22.1,14.2,20.4,19.1,20.7,20.2,25.1,23.8,27.9,27.9,32.0,30.5,34.2,36.6,44.6,45.3,57.2,65.5,85.2,107.3,99.0,69.9,57.6,58.0,56.0,50.8,55.6,65.4,59.8,45.1,38.3,31.6,23.0,80.2,522.0,10.2,1.1,1.0,1.0,1.0,0.0,1.0,1.0,0.0,0.0,0.0,1.0,22.4,2.8,1,378629,0,0,0,0,1,0,0,0,0,1,0,0,0,0.07595321195032352
182,2.0,14.6,24.9,20.3,19.9,23.0,30.4,17.8,15.7,17.8,20.2,22.2,24.6,25.6,25.5,27.8,30.5,31.8,32.4,38.5,48.1,52.2,56.6,65.7,82.2,89.1,92.5,132.2,87.9,79.7,75.9,79.6,80.5,76.8,81.7,78.9,60.6,52.0,41.0,19.3,69.3,669.0,10.4,0.9,0.0,0.0,0.0,0.0,1.0,1.0,0.0,0.0,0.0,0.0,20.6,5.1,0,476013,0,0,0,0,0,0,1,0,0,1,0,0,0,0.1896509235539203
183,1.0,12.6,18.0,14.0,31.3,45.9,50.3,33.8,21.4,24.3,20.6,19.1,21.7,22.0,21.7,23.8,28.5,28.5,27.8,27.0,31.2,32.6,38.5,44.0,54.4,68.5,84.8,73.0,42.8,38.5,39.6,36.4,39.2,40.8,44.6,38.2,29.6,22.6,17.1,4.5,71.0,526.0,5.4,1.0,0.0,0.0,1.0,0.0,1.0,1.0,0.0,0.0,0.0,0.0,22.5,3.5,1,442680,0,0,0,0,1,0,0,0,0,1,0,0,0,0.15471462384448303
184,1.0,7.5,14.1,9.8,15.3,19.3,26.3,14.6,13.0,16.9,16.9,16.1,19.2,20.4,20.9,22.3,26.2,27.0,27.2,27.8,34.4,34.8,42.2,48.3,65.0,84.2,101.4,84.1,57.2,48.5,49.9,46.6,47.8,50.4,56.4,46.9,38.0,30.2,22.2,0.9,81.3,550.0,9.2,0.9,0.0,1.0,1.0,0.0,1.0,1.0,0.0,0.0,0.0,1.0,23.2,3.3,1,153684,0,0,0,0,1,0,0,0,1,0,0,0,0,0.35156370888709315
185,3.0,30.0,19.7,24.0,30.2,43.8,61.6,61.2,46.5,44.0,34.5,35.4,35.0,44.8,46.0,47.3,51.6,59.9,52.0,57.2,72.3,71.4,79.3,79.9,110.5,95.6,123.6,114.4,88.1,62.4,51.5,54.6,61.7,66.8,82.4,54.3,39.7,23.3,17.8,11.1,81.6,584.0,18.0,1.1,0.0,1.0,1.0,0.0,1.0,1.0,0.0,0.0,0.0,0.0,20.6,5.1,0,476013,0,1,0,0,0,0,0,0,0,0,0,0,1,0.6763635530033412
186,1.0,0.0,0.0,0.0,0.0,0.0,0.0,0.0,0.0,0.0,0.0,0.0,0.0,0.0,0.0,0.0,0.0,0.0,0.0,0.0,0.0,0.0,0.0,0.0,0.0,0.0,0.0,0.0,0.0,0.0,0.0,0.0,0.0,0.0,0.0,0.0,0.0,0.0,0.0,0.0,84.0,443.0,9.6,0.8,0.0,1.0,1.0,0.0,1.0,1.0,0.0,0.0,0.0,0.0,22.4,2.8,1,378629,0,0,0,0,0,1,0,0,0,1,0,0,0,0.035830338875229954
187,1.0,22.9,14.1,9.4,12.2,15.9,18.9,11.6,11.0,11.6,11.0,12.0,14.6,17.5,19.6,23.1,28.3,24.0,24.7,26.5,34.8,42.7,35.8,34.1,39.9,48.1,56.7,69.2,52.6,42.1,33.6,34.1,31.3,34.9,32.3,36.1,26.8,18.4,14.7,4.3,105.1,491.0,8.6,0.9,0.0,0.0,1.0,0.0,1.0,1.0,0.0,0.0,0.0,0.0,22.4,2.8,1,378629,0,0,1,0,0,0,0,0,0,0,1,0,0,0.4170807328828751
188,1.0,31.5,31.3,29.5,44.4,71.3,108.2,90.6,69.6,54.5,47.1,46.8,42.7,42.0,43.1,49.2,45.4,45.0,43.0,41.4,40.8,37.3,45.5,42.8,49.1,44.9,56.7,69.6,48.5,32.2,27.0,28.0,31.3,30.5,33.9,29.2,32.2,18.2,12.3,8.3,96.5,520.0,11.6,0.7,0.0,0.0,1.0,0.0,1.0,1.0,0.0,0.0,0.0,0.0,20.9,1.8,1,131450,0,1,0,0,0,0,0,0,1,0,0,0,0,0.2652660053069248
189,1.0,15.6,19.0,13.4,17.6,23.9,31.8,23.7,15.6,23.0,19.9,21.3,20.8,25.6,24.5,28.7,28.5,33.0,31.2,34.8,37.3,45.4,46.3,58.1,66.4,86.4,106.5,99.6,70.2,59.2,59.4,57.5,52.2,57.6,67.4,60.7,44.3,39.9,32.8,24.0,82.7,568.0,16.6,1.1,0.0,0.0,1.0,0.0,0.0,1.0,0.0,0.0,0.0,0.0,22.5,3.5,1,442680,0,0,0,0,1,0,0,0,0,1,0,0,0,0.035400512353214245
190,1.0,10.3,14.8,9.6,12.2,17.4,22.0,15.2,10.8,16.2,14.0,15.9,15.8,19.9,18.5,22.2,21.6,25.2,24.2,26.8,29.9,35.1,36.6,45.8,52.3,68.7,83.6,78.8,52.0,44.9,45.4,42.6,39.9,43.7,50.2,41.8,33.6,27.7,23.8,17.5,77.9,492.0,9.9,0.9,0.0,1.0,1.0,1.0,1.0,1.0,0.0,0.0,0.0,0.0,23.4,1.4,1,393600,0,0,0,0,1,0,0,0,0,1,0,0,0,0.11212741204316605
191,2.0,5.8,8.8,9.9,11.7,19.4,24.0,16.0,10.2,6.9,6.5,6.4,6.3,7.2,6.6,6.5,6.4,5.2,6.3,6.0,5.1,4.7,6.2,6.8,8.8,7.9,8.8,6.6,4.1,2.8,2.6,2.6,2.6,2.1,3.1,1.9,1.6,1.4,0.7,0.0,72.4,439.0,6.1,0.5,0.0,1.0,0.0,0.0,1.0,1.0,0.0,0.0,0.0,1.0,20.6,5.1,0,476013,0,0,1,0,0,0,0,0,0,1,0,0,0,0.05951091472814905
192,2.0,13.9,13.3,18.1,25.4,38.4,42.7,40.2,37.9,33.0,23.7,24.0,21.9,19.4,22.1,22.4,22.7,21.9,19.6,19.4,22.3,22.1,29.2,34.9,36.5,28.5,40.6,42.7,36.5,24.5,19.2,20.9,20.6,17.6,20.5,17.2,17.9,6.6,0.0,5.2,68.8,619.0,10.2,1.1,0.0,1.0,0.0,0.0,1.0,1.0,0.0,0.0,0.0,1.0,23.4,3.2,1,236518,0,0,0,0,1,0,0,0,0,1,0,0,0,0.032506347104975096
193,2.0,15.3,16.9,12.9,15.6,19.1,24.1,15.2,10.9,14.6,14.3,15.5,16.2,19.5,20.7,19.8,25.1,25.6,26.1,29.1,32.8,37.3,43.4,46.5,55.9,72.4,88.6,91.1,64.9,50.7,55.0,52.5,48.2,51.6,62.9,55.4,41.8,34.6,28.0,20.9,56.3,605.0,35.2,1.1,0.0,1.0,0.0,0.0,1.0,1.0,0.0,0.0,0.0,0.0,22.4,2.8,1,378629,0,0,0,0,1,0,0,0,0,0,0,1,0,0.2551049063264733
194,2.0,7.9,6.5,9.2,18.5,27.0,46.9,44.6,35.0,32.9,30.8,33.4,43.2,45.2,47.2,57.8,46.8,39.9,48.5,57.9,65.9,54.4,49.8,55.2,70.2,74.9,89.1,105.0,86.9,68.5,53.9,44.2,46.7,47.7,51.8,47.3,32.6,24.5,16.7,5.9,82.60497925311203,559.49377593361,12.681742738589211,0.976763485477178,1.0,1.0,1.0,0.0,1.0,1.0,0.0,0.0,0.0,1.0,22.5,3.5,1,442680,0,0,1,0,0,0,0,0,0,1,0,0,0,0.09999484208173581
195,7.0,24.8,32.6,28.9,47.0,76.9,92.9,85.3,67.9,52.7,35.9,26.7,24.1,28.1,21.9,29.0,20.3,24.8,17.1,21.7,16.5,21.7,19.8,28.5,20.4,27.8,26.3,22.3,20.2,17.5,16.8,12.5,17.6,12.8,18.2,14.1,11.6,10.9,5.2,0.2,75.2,464.0,14.5,0.9,0.0,1.0,1.0,0.0,1.0,1.0,0.0,0.0,0.0,0.0,20.6,5.1,0,476013,0,0,0,0,0,0,1,0,0,1,0,0,0,0.11836849314283422
196,3.0,13.0,15.0,21.5,30.0,39.9,49.4,39.5,43.8,37.9,28.3,29.1,28.1,25.7,28.0,26.7,28.1,25.6,24.9,24.2,28.3,27.9,36.6,40.3,45.1,36.2,49.6,53.7,46.0,30.0,29.3,25.3,27.7,27.6,31.8,28.8,27.0,12.6,6.7,6.1,84.6,654.0,7.9,1.1,0.0,1.0,1.0,1.0,0.0,1.0,0.0,0.0,0.0,0.0,23.4,1.5,1,514445,0,0,0,0,1,0,0,0,0,1,0,0,0,0.04012287307509356
197,3.0,18.3,19.9,19.6,25.9,36.4,67.5,59.2,37.0,35.1,26.3,29.6,30.3,31.5,31.4,38.6,38.4,33.0,37.0,39.3,35.8,44.5,33.1,46.2,44.8,48.4,47.3,56.6,39.0,24.0,18.9,21.1,23.4,31.3,32.3,29.5,24.5,27.5,10.9,6.8,85.9,562.0,16.0,0.6,0.0,1.0,1.0,0.0,1.0,1.0,0.0,0.0,0.0,0.0,20.9,1.8,1,131450,0,1,0,0,0,0,0,0,0,0,0,1,0,0.1748878152777539
198,3.0,17.3,17.5,25.7,40.8,53.1,69.5,50.3,56.3,45.2,36.4,31.1,31.9,27.9,26.9,27.3,27.7,27.1,23.3,25.0,23.5,24.6,25.4,29.6,34.0,32.2,28.1,29.1,26.2,24.4,18.5,16.9,17.0,18.4,17.8,16.5,15.3,13.9,6.3,2.2,88.0,561.0,15.2,1.2,0.0,0.0,1.0,0.0,1.0,1.0,0.0,0.0,0.0,1.0,22.5,3.5,1,442680,0,0,0,0,1,0,0,0,0,1,0,0,0,0.04664477416914533
201,1.0,16.8,24.9,18.3,21.9,23.1,33.7,19.2,16.3,19.0,21.2,21.9,27.8,24.8,28.5,27.6,30.9,29.1,32.6,33.2,43.9,47.3,52.9,64.6,73.9,89.9,87.0,123.8,86.8,72.3,67.3,74.0,68.5,73.1,69.6,77.5,56.1,47.4,28.9,26.5,80.4,642.0,12.1,1.0,0.0,1.0,0.0,0.0,0.0,1.0,0.0,0.0,0.0,0.0,22.5,3.5,1,442680,0,0,0,0,0,0,1,0,0,1,0,0,0,0.05819278006063419
202,1.0,33.6,19.7,18.3,22.3,30.4,40.7,25.4,13.0,14.1,12.8,14.6,13.4,14.6,14.6,15.5,16.0,16.7,14.7,15.5,15.3,17.6,18.3,21.3,22.5,26.5,34.5,29.2,20.9,14.5,16.3,15.8,14.1,14.7,16.0,14.0,11.2,9.0,6.5,6.3,79.4,483.0,13.1,1.2,0.0,1.0,1.0,0.0,1.0,1.0,0.0,0.0,0.0,0.0,22.4,2.8,1,378629,0,0,0,0,1,0,0,0,0,0,0,1,0,0.16972989701356533
203,1.0,19.2,19.5,23.9,40.4,73.8,89.8,67.8,61.2,41.7,36.3,27.1,25.3,23.7,24.6,22.8,25.3,25.1,21.0,20.2,25.2,20.4,22.8,25.6,24.1,26.9,30.9,20.9,20.1,14.5,14.1,12.2,13.4,15.9,13.6,10.7,9.7,5.6,6.2,2.8,76.3,486.0,11.3,1.0,1.0,0.0,1.0,0.0,1.0,1.0,0.0,0.0,0.0,1.0,20.6,5.1,0,476013,0,0,0,0,0,1,0,0,0,1,0,0,0,0.13899443517929497
204,2.0,8.2,11.0,7.9,10.0,14.6,23.3,22.7,16.4,20.8,15.5,13.8,15.2,13.4,15.6,16.3,18.6,18.9,19.1,21.7,22.7,25.9,30.1,35.3,34.4,41.9,62.6,80.8,63.7,59.3,42.8,41.8,44.4,52.6,51.1,49.1,33.8,32.6,16.9,13.6,95.0,431.0,8.8,0.9,0.0,0.0,1.0,0.0,1.0,1.0,0.0,1.0,0.0,1.0,23.4,3.2,1,236518,0,0,0,0,0,1,0,0,0,1,0,0,0,0.043658912596209506
205,2.0,14.7,16.4,17.9,22.1,32.8,59.4,42.0,33.3,27.7,23.0,29.0,30.9,33.8,32.5,33.5,41.8,36.5,38.2,41.7,42.8,40.2,41.4,53.7,49.8,61.6,79.1,66.1,50.6,35.1,30.7,28.2,42.4,47.5,44.7,47.4,34.6,47.8,14.6,5.9,94.2,592.0,13.4,0.9,0.0,0.0,0.0,0.0,1.0,1.0,0.0,0.0,1.0,1.0,20.6,5.1,0,476013,0,1,0,0,0,0,0,0,1,0,0,0,0,0.2735702537122684
206,2.0,6.8,10.1,10.8,19.3,25.7,34.0,35.8,30.8,30.0,25.4,30.9,34.8,36.9,42.0,50.5,41.9,40.2,38.8,45.6,58.4,52.0,45.3,48.7,61.7,66.5,83.4,84.6,71.8,54.7,46.4,44.0,40.8,41.6,47.7,43.2,33.7,24.5,18.0,10.3,85.2,613.0,10.2,0.7,0.0,0.0,1.0,0.0,1.0,1.0,0.0,0.0,0.0,0.0,23.2,3.3,1,153684,0,0,1,0,0,0,0,0,0,1,0,0,0,0.1214002028781184
207,2.0,14.7,13.6,17.5,20.8,30.0,52.4,41.7,30.2,28.1,22.7,27.4,30.5,33.4,32.6,34.9,40.7,37.3,40.7,42.0,45.0,44.0,42.3,56.7,54.8,65.1,83.8,76.1,55.9,36.4,32.0,30.2,44.4,47.6,47.5,48.7,35.8,51.9,13.2,10.2,67.0,626.0,9.6,0.8,0.0,0.0,1.0,0.0,1.0,1.0,0.0,0.0,0.0,0.0,1.0,1.8,1,131450,0,1,0,0,0,0,0,0,0,1,0,0,0,0.14577423218655616
208,2.0,17.4,20.9,25.6,41.6,55.3,73.2,57.2,45.6,44.6,32.8,27.8,27.5,26.8,23.9,25.9,26.1,27.3,23.6,22.8,23.0,24.0,24.1,28.6,33.7,35.4,30.9,30.5,22.7,22.1,16.6,16.0,15.3,17.8,17.4,15.6,13.9,12.5,10.6,4.3,66.8,531.0,15.4,1.4,0.0,0.0,0.0,0.0,0.0,1.0,0.0,0.0,0.0,1.0,23.4,1.5,1,514445,0,0,0,0,1,0,0,0,0,1,0,0,0,0.06331631220306151
209,2.0,15.3,16.8,18.8,24.4,37.4,62.5,52.1,36.7,32.6,25.0,31.8,38.1,33.1,35.0,37.6,43.8,40.7,42.5,42.3,44.9,44.2,42.8,56.0,53.8,59.2,78.3,68.8,50.9,32.3,32.1,30.3,39.0,48.7,47.5,42.1,40.3,35.6,13.8,6.1,81.2,559.0,9.9,1.0,0.0,1.0,1.0,0.0,1.0,1.0,0.0,0.0,0.0,1.0,23.4,3.2,1,236518,0,1,0,0,0,0,0,0,1,0,0,0,0,0.4880078400357616
210,1.0,11.8,10.8,9.6,15.3,16.2,22.5,16.6,16.1,16.4,15.5,14.2,12.5,17.3,14.0,15.2,16.8,15.6,14.7,12.8,21.3,16.7,20.0,23.2,17.3,25.6,31.0,44.2,35.1,22.3,20.4,19.6,18.8,21.3,17.7,28.5,17.8,13.1,6.6,6.7,73.2,451.0,7.4,0.9,0.0,0.0,1.0,1.0,1.0,1.0,0.0,0.0,0.0,0.0,22.4,2.8,1,378629,0,0,0,0,0,1,0,0,0,0,0,1,0,0.19922745846443043
211,1.0,20.1,16.8,25.6,37.5,58.3,99.3,86.5,52.9,43.4,31.9,38.6,46.2,36.7,37.4,42.1,42.9,40.6,41.3,37.2,40.3,35.5,42.1,42.8,42.1,39.9,42.7,42.7,32.1,23.2,22.5,23.1,31.6,36.6,43.6,36.7,33.8,32.6,13.2,4.9,88.0,595.0,17.2,1.1,0.0,1.0,0.0,0.0,1.0,1.0,0.0,1.0,0.0,1.0,23.4,1.5,1,514445,0,1,0,0,0,0,0,0,0,1,0,0,0,0.16633713299978795
212,3.0,17.1,16.3,19.6,25.5,40.4,69.1,66.6,48.8,45.7,31.2,28.5,35.1,33.7,30.1,35.4,35.8,35.1,33.1,36.5,36.6,37.3,35.7,40.4,38.0,36.4,39.4,46.7,33.0,22.2,22.3,21.8,26.0,26.5,27.1,26.6,22.1,15.3,15.2,10.7,69.1,664.0,15.3,1.2,0.0,0.0,0.0,1.0,1.0,1.0,0.0,0.0,0.0,0.0,23.4,3.2,1,236518,0,0,0,0,0,0,1,0,0,0,0,1,0,0.1786588266309051
213,4.0,16.4,19.1,21.8,32.3,41.7,68.3,62.5,52.0,42.7,41.4,33.4,43.8,32.7,39.9,34.6,31.3,32.3,32.1,28.4,29.3,28.8,33.9,37.4,36.6,38.9,34.7,42.0,31.7,22.4,17.5,20.8,18.9,22.0,23.0,18.2,19.4,13.3,9.7,7.8,89.3,576.0,16.6,1.0,0.0,1.0,0.0,0.0,1.0,1.0,0.0,0.0,0.0,0.0,21.9,2.4,1,244901,0,0,0,1,0,0,0,0,0,1,0,0,0,0.10061379227343845
214,1.0,7.0,10.2,11.6,15.4,26.9,40.7,29.7,28.4,28.0,18.0,14.9,14.2,15.9,16.2,17.2,18.3,17.2,17.4,17.0,21.6,22.4,22.1,27.4,31.0,31.6,41.6,39.6,31.2,28.9,23.6,24.6,26.9,28.4,35.1,31.8,26.0,15.5,14.0,7.7,112.6,507.0,11.8,1.1,0.0,1.0,1.0,0.0,1.0,1.0,0.0,0.0,0.0,0.0,23.7,1.9,1,537338,0,0,0,0,0,1,0,0,0,1,0,0,0,0.11197840551553392
215,2.0,6.8,5.3,11.8,16.9,27.3,40.5,29.0,21.5,16.6,15.8,17.4,16.3,17.8,21.4,17.0,17.0,14.2,15.9,16.2,17.5,15.8,15.5,19.5,23.1,18.8,22.2,19.5,11.4,8.6,7.2,7.4,7.1,6.9,7.0,6.7,5.0,4.2,3.8,1.9,81.4,478.0,5.7,0.5,0.0,1.0,0.0,0.0,1.0,1.0,0.0,0.0,0.0,0.0,23.7,2.4,1,353110,0,0,1,0,0,0,0,0,0,1,0,0,0,0.1168153866432841
216,3.0,22.4,21.3,27.0,39.2,55.8,92.5,84.5,60.2,54.3,35.6,37.7,34.8,36.4,35.5,38.4,39.3,38.8,38.0,38.1,40.6,39.0,36.7,43.4,46.1,38.7,47.1,50.0,33.3,26.1,24.5,24.8,30.4,28.2,33.5,23.4,20.6,12.8,12.1,5.8,88.5,667.0,15.8,0.8,0.0,1.0,1.0,0.0,1.0,1.0,0.0,0.0,0.0,1.0,23.3,1.7,1,413677,0,1,0,0,0,0,0,0,0,0,0,0,1,0.8083604124042203
217,3.0,7.5,15.8,16.3,14.6,23.1,39.2,34.7,31.7,30.0,24.1,22.5,23.3,23.0,28.0,24.4,29.1,32.4,31.8,31.0,40.1,42.4,56.2,52.6,65.8,70.3,99.8,111.8,76.5,65.8,58.4,51.6,54.6,51.8,53.6,52.3,44.6,26.6,25.2,8.1,73.0,673.0,14.5,1.0,0.0,0.0,0.0,0.0,0.0,1.0,0.0,0.0,0.0,0.0,23.4,1.5,1,514445,0,0,0,0,0,0,0,1,0,1,0,0,0,0.16659502891299738
218,1.0,17.1,16.3,19.6,25.5,40.4,69.1,66.6,48.8,45.7,31.2,28.5,35.1,33.7,30.1,35.4,35.8,35.1,33.1,36.5,36.6,37.3,35.7,40.4,38.0,36.4,39.4,46.7,33.0,22.2,22.3,21.8,26.0,26.5,27.1,26.6,22.1,15.3,15.2,10.7,82.60497925311203,559.49377593361,12.681742738589211,0.976763485477178,0.0,1.0,1.0,0.0,1.0,1.0,0.0,1.0,0.0,1.0,21.9,1.7,1,298599,0,1,0,0,0,0,0,0,0,0,0,1,0,0.1714377410610411
219,2.0,18.9,26.5,28.5,38.7,55.0,81.1,69.3,50.8,48.1,44.4,39.5,40.5,32.8,40.4,37.9,37.6,33.5,35.1,30.2,32.7,31.1,37.9,41.0,42.5,40.7,44.2,47.1,33.1,24.4,21.2,24.2,25.6,27.0,27.3,20.1,23.2,15.3,11.5,7.6,82.60497925311203,559.49377593361,12.681742738589211,0.976763485477178,0.0,1.0,1.0,0.0,1.0,1.0,0.0,1.0,0.0,1.0,23.7,2.4,1,353110,0,1,0,0,0,0,0,0,0,0,0,1,0,0.24379760328731323
220,2.0,6.9,9.6,14.3,24.4,36.5,59.8,58.6,58.0,51.9,42.0,48.5,51.7,58.5,60.2,61.3,54.7,48.4,57.3,67.0,71.7,55.9,51.8,63.3,71.3,79.4,84.4,102.3,74.2,57.7,45.8,37.9,44.2,38.7,43.8,37.8,26.8,21.2,15.2,5.0,74.6,435.0,6.1,0.8,0.0,1.0,1.0,0.0,1.0,0.0,0.0,0.0,0.0,0.0,21.9,2.1,1,419984,0,0,1,0,0,0,0,0,0,1,0,0,0,0.04563611459748179
221,1.0,57.1,39.6,37.4,48.6,71.8,85.5,68.6,71.3,57.3,51.0,36.1,29.9,32.7,27.6,32.5,31.4,28.8,24.4,28.1,23.5,24.8,26.4,32.5,32.6,29.7,38.2,38.3,29.6,25.7,22.1,20.2,19.6,17.3,19.6,16.5,15.5,11.5,10.6,4.9,61.3,591.0,11.6,1.1,0.0,0.0,1.0,0.0,1.0,1.0,0.0,0.0,0.0,0.0,22.9,2.6,1,394649,0,0,0,0,0,0,1,0,0,1,0,0,0,0.0949916613654729
223,2.0,33.6,24.4,29.4,46.9,73.0,109.3,114.6,75.2,66.6,44.0,42.1,36.4,32.5,36.0,37.8,34.6,35.5,33.0,34.3,34.8,37.5,48.9,52.3,62.3,58.3,68.2,68.4,47.8,37.8,34.6,33.8,30.4,30.3,27.2,28.8,19.1,12.7,8.7,2.6,66.7,586.0,23.6,0.9,1.0,0.0,1.0,0.0,1.0,1.0,0.0,0.0,0.0,1.0,23.4,1.5,1,514445,0,0,0,0,0,0,0,1,0,0,0,1,0,0.19252216472098527
224,2.0,23.8,21.8,31.3,47.9,62.9,81.5,62.8,67.3,58.8,43.2,36.8,37.4,31.4,31.7,31.9,33.1,30.4,27.7,27.8,26.2,27.4,29.5,35.0,39.3,33.9,32.8,32.6,29.8,26.8,19.9,18.4,17.7,19.0,19.6,16.8,16.2,13.5,5.7,3.5,84.3,622.0,9.5,1.1,0.0,1.0,1.0,0.0,1.0,1.0,0.0,0.0,0.0,1.0,23.7,1.9,1,537338,0,0,0,0,1,0,0,0,0,0,0,1,0,0.21557232834161466
225,1.0,6.9,7.4,7.2,8.7,8.6,14.3,16.0,15.0,17.5,15.9,14.8,18.8,21.9,19.9,23.1,21.6,24.0,24.2,28.1,28.3,29.8,30.9,37.8,42.7,43.8,57.3,63.8,45.8,31.2,23.2,25.4,28.2,32.1,35.9,32.5,19.6,12.2,10.4,7.0,97.8,497.0,13.7,0.8,0.0,1.0,0.0,1.0,1.0,1.0,0.0,0.0,0.0,1.0,22.7,2.1,1,400241,1,0,0,0,0,0,0,0,0,0,0,1,0,0.19414977448435145
226,2.0,6.3,8.1,15.5,16.6,22.7,34.8,28.7,32.4,35.0,30.6,24.4,36.7,38.5,27.6,32.9,34.1,32.7,33.2,30.4,36.3,30.7,30.4,35.4,37.3,39.2,65.5,58.2,42.1,30.1,25.8,24.2,30.0,31.9,34.0,26.8,18.8,12.5,9.1,1.2,99.8,687.0,20.5,0.9,0.0,0.0,1.0,1.0,1.0,1.0,0.0,0.0,0.0,0.0,22.9,2.2,1,318100,1,0,0,0,0,0,0,0,1,0,0,0,0,0.4277175065476907
227,3.0,6.3,8.1,14.4,16.3,22.9,36.2,34.8,31.1,32.5,30.5,24.4,31.6,42.5,28.4,35.5,36.6,36.2,36.4,33.1,41.1,34.3,35.2,40.8,43.3,41.8,63.2,67.2,45.6,31.7,27.1,25.2,32.9,33.8,40.1,28.9,20.5,14.2,10.4,1.2,105.3,646.0,20.6,1.3,1.0,0.0,1.0,1.0,1.0,1.0,0.0,0.0,0.0,1.0,23.7,2.4,1,353110,1,0,0,0,0,0,0,0,1,0,0,0,0,0.2873992056805873
228,3.0,16.9,15.0,14.2,25.3,35.0,34.7,40.4,34.4,36.0,31.1,33.7,41.4,42.8,44.0,58.8,50.7,44.3,42.6,52.4,73.0,59.5,55.0,57.4,72.2,82.8,102.3,104.5,81.9,69.6,59.1,49.7,54.7,50.3,62.7,49.8,45.9,30.2,21.2,11.7,108.1,615.0,13.9,1.0,0.0,1.0,0.0,0.0,1.0,1.0,0.0,0.0,0.0,0.0,23.4,1.5,1,514445,0,0,1,0,0,0,0,0,0,1,0,0,0,0.11679246256210993
229,3.0,13.8,21.9,24.0,39.3,57.2,76.3,61.4,42.3,42.1,29.9,25.0,25.4,25.4,23.9,25.0,28.2,28.7,26.7,26.8,26.4,28.5,30.3,33.7,39.3,44.2,39.8,37.6,27.5,27.1,21.5,21.7,21.6,24.5,25.3,20.8,18.0,15.6,13.7,4.6,85.1,554.0,27.7,1.2,0.0,0.0,1.0,0.0,1.0,1.0,0.0,0.0,0.0,0.0,23.4,1.4,1,393600,0,0,0,0,1,0,0,0,0,1,0,0,0,0.14487446200046994
231,2.0,26.1,18.9,28.0,38.3,56.8,97.8,98.4,67.7,58.8,39.2,39.8,36.0,35.6,35.7,36.4,35.3,40.3,36.1,33.9,38.0,38.3,35.0,37.2,43.9,34.8,41.8,44.2,28.8,22.8,20.2,21.8,25.8,25.9,28.5,22.1,19.3,9.4,11.5,4.6,97.0,453.0,13.2,0.5,0.0,1.0,1.0,0.0,1.0,1.0,0.0,0.0,0.0,0.0,23.3,1.7,1,413677,0,1,0,0,0,0,0,0,0,1,0,0,0,0.13130340594536044
232,2.0,13.4,15.4,15.7,16.7,20.5,26.4,20.8,13.7,13.4,14.3,18.2,17.6,17.5,19.7,19.5,20.6,21.7,19.8,22.1,25.3,29.5,29.4,36.9,39.5,47.0,47.6,48.9,42.6,30.8,27.7,31.8,31.0,32.1,30.5,30.0,27.0,20.4,13.8,11.4,76.6,679.0,10.0,1.1,0.0,0.0,1.0,0.0,1.0,1.0,0.0,0.0,0.0,0.0,22.9,2.6,1,394649,0,0,0,0,0,0,1,0,0,0,0,1,0,0.16825129377783127
233,1.0,14.0,24.9,20.0,22.2,23.8,32.4,19.3,16.9,18.4,21.2,22.0,27.8,24.9,28.2,27.9,31.2,29.6,32.8,34.3,45.0,48.3,54.1,66.3,75.4,88.7,91.4,124.1,91.7,75.4,64.1,76.5,70.8,75.8,75.3,77.8,57.0,46.2,30.2,27.9,63.2,598.0,12.5,1.0,0.0,0.0,1.0,0.0,1.0,1.0,0.0,0.0,0.0,0.0,23.4,1.4,1,393600,0,0,0,0,0,0,1,0,0,1,0,0,0,0.11832264498048588
234,1.0,18.2,21.2,19.3,22.2,28.5,34.9,23.2,17.1,19.4,16.4,23.2,22.7,23.0,26.2,25.4,26.0,26.9,26.6,26.7,30.8,36.7,38.3,47.2,54.0,69.8,66.9,77.2,69.2,51.4,42.9,52.5,52.7,50.6,50.6,52.4,43.0,32.9,21.9,17.5,93.1,667.0,11.3,1.2,0.0,0.0,1.0,0.0,1.0,1.0,0.0,0.0,0.0,0.0,22.9,2.6,1,394649,0,0,0,0,0,0,1,0,0,1,0,0,0,0.11643140828361673
235,1.0,7.0,10.6,5.5,7.7,11.0,15.4,17.0,14.2,17.0,17.2,13.5,13.3,15.0,15.9,15.0,16.5,21.2,16.1,18.3,20.7,24.4,25.2,31.1,33.2,37.4,49.9,73.8,57.7,50.1,36.6,38.9,34.3,45.5,48.0,38.9,34.2,28.3,14.0,15.5,82.8,501.0,33.3,0.9,0.0,0.0,1.0,0.0,1.0,1.0,0.0,0.0,0.0,0.0,23.4,1.4,1,393600,0,0,0,0,0,1,0,0,0,1,0,0,0,0.11088951165976078
237,3.0,0.0,15.0,9.6,11.0,13.0,11.8,10.2,8.0,10.1,8.1,8.9,10.3,12.1,13.3,13.3,15.5,16.3,14.6,16.4,18.5,19.1,21.0,26.7,27.8,33.9,36.1,35.2,32.4,22.5,19.1,17.3,20.5,19.7,23.1,24.2,16.3,14.3,12.1,8.6,82.60497925311203,559.49377593361,12.681742738589211,0.976763485477178,0.0,0.0,0.0,0.0,1.0,1.0,0.0,1.0,0.0,0.0,22.9,2.6,1,394649,0,0,0,1,0,0,0,0,0,0,1,0,0,0.3099851566574397
238,4.0,16.6,20.0,24.2,38.4,67.5,94.4,76.9,77.9,50.1,38.2,28.7,27.8,26.6,31.0,26.3,28.6,30.8,24.6,24.7,28.9,32.3,29.0,35.7,40.6,38.9,45.2,38.0,27.9,24.4,25.3,20.5,21.8,28.4,27.5,22.8,19.9,13.0,11.0,6.1,93.9,490.0,11.6,1.1,0.0,0.0,1.0,0.0,1.0,1.0,0.0,0.0,0.0,0.0,22.9,2.6,1,394649,0,0,0,0,0,1,0,0,0,1,0,0,0,0.02883849411710767
239,2.0,30.0,32.3,35.8,50.6,77.4,109.8,96.1,75.7,58.3,36.4,31.8,28.3,28.9,26.4,29.2,25.7,25.4,21.2,22.4,20.2,22.2,23.6,30.5,22.7,29.1,24.6,26.9,21.0,18.0,16.1,14.1,17.4,13.7,18.5,14.1,13.8,8.6,7.0,0.0,110.5,570.0,20.1,1.1,0.0,0.0,0.0,0.0,1.0,1.0,0.0,0.0,0.0,0.0,22.7,2.1,1,400241,0,0,0,0,0,0,1,0,0,0,0,1,0,0.12471273260778616
240,1.0,20.7,22.3,30.6,44.2,59.8,76.8,58.2,64.9,51.6,41.5,36.9,36.5,32.1,34.9,33.0,35.0,29.9,28.8,27.6,30.1,30.0,36.4,40.5,52.2,37.2,45.3,45.0,43.3,34.5,27.9,25.2,28.8,25.2,27.7,23.0,26.4,14.8,9.3,3.9,69.8,546.0,11.8,1.1,1.0,0.0,1.0,0.0,1.0,1.0,0.0,0.0,0.0,1.0,23.7,2.4,1,353110,0,0,0,0,1,0,0,0,0,0,0,1,0,0.20888422765905015
241,1.0,2.5,2.6,4.2,3.5,3.2,6.9,7.6,6.2,6.9,6.4,6.5,6.2,6.4,7.2,9.1,8.6,10.3,8.9,12.3,12.4,14.7,16.6,19.5,20.0,23.2,25.1,35.4,31.2,23.3,20.3,20.3,16.6,20.5,18.6,19.3,15.0,12.5,9.4,5.0,71.8,549.0,10.9,0.8,0.0,1.0,1.0,1.0,1.0,1.0,0.0,1.0,0.0,1.0,21.9,2.1,1,419984,0,0,0,0,0,0,0,1,0,0,0,1,0,0.17731776788221607
243,2.0,16.3,20.0,26.5,40.2,54.3,73.6,58.8,52.3,49.8,37.5,31.5,31.3,28.5,25.7,26.8,26.2,26.2,22.7,22.0,21.4,21.8,21.9,26.1,29.3,29.0,24.3,25.4,19.9,19.7,14.5,13.6,13.6,15.3,13.6,12.9,11.3,9.8,6.8,2.5,78.8,504.0,10.0,1.3,1.0,1.0,1.0,0.0,1.0,1.0,0.0,0.0,0.0,1.0,22.9,2.6,1,394649,0,0,0,0,1,0,0,0,0,1,0,0,0,0.03333161402724527
244,2.0,14.1,15.5,17.1,26.0,44.2,63.5,50.4,54.3,42.1,25.6,21.4,22.3,22.7,22.2,21.7,23.9,21.1,22.4,22.1,23.6,25.6,25.7,29.8,33.9,34.7,38.6,37.2,28.9,22.2,20.7,20.8,19.4,22.6,22.4,22.4,18.1,11.5,9.5,4.5,74.3,490.0,10.8,1.6,0.0,0.0,1.0,0.0,1.0,1.0,0.0,0.0,0.0,0.0,22.9,2.6,1,394649,0,0,0,0,0,1,0,0,0,1,0,0,0,0.0321051756844271
245,2.0,9.8,23.9,17.9,18.4,25.9,34.7,24.0,19.5,23.3,29.3,24.6,24.0,26.4,25.2,27.6,32.3,26.6,31.2,32.7,41.9,41.9,47.6,53.4,73.7,71.6,96.4,107.6,78.4,64.1,65.4,62.4,61.5,58.5,61.8,57.8,44.1,33.6,23.9,11.8,60.4,649.0,16.2,1.0,0.0,0.0,1.0,1.0,1.0,1.0,0.0,0.0,0.0,0.0,22.8,4.8,1,436400,0,0,0,0,0,0,1,0,1,0,0,0,0,0.24476614571692198
246,2.0,6.4,5.1,6.0,6.2,8.1,12.2,12.0,11.9,11.0,15.3,10.8,15.8,16.9,15.6,18.2,18.7,16.4,23.0,20.4,28.9,22.4,29.9,27.9,42.4,39.5,42.8,61.7,38.5,26.3,22.0,23.1,20.2,32.5,25.2,26.4,23.8,10.2,8.0,0.9,91.5,550.0,14.4,0.7,0.0,0.0,1.0,0.0,1.0,1.0,0.0,0.0,0.0,0.0,23.4,1.5,1,514445,1,0,0,0,0,0,0,0,1,0,0,0,0,0.22951590071580444
247,2.0,18.9,26.5,28.5,38.7,55.0,81.1,69.3,50.8,48.1,44.4,39.5,40.5,32.8,40.4,37.9,37.6,33.5,35.1,30.2,32.7,31.1,37.9,41.0,42.5,40.7,44.2,47.1,33.1,24.4,21.2,24.2,25.6,27.0,27.3,20.1,23.2,15.3,11.5,7.6,94.0,563.0,15.4,1.0,0.0,0.0,1.0,0.0,1.0,1.0,0.0,1.0,0.0,0.0,23.7,2.4,1,353110,0,0,0,1,0,0,0,0,0,0,0,1,0,0.23450761939148027
250,2.0,17.4,20.4,26.8,34.9,57.2,102.6,89.7,54.5,45.5,33.0,40.2,47.1,38.5,40.9,43.9,44.6,42.0,42.6,38.3,41.8,37.5,42.4,47.4,41.5,44.6,45.3,47.5,34.6,24.1,22.5,22.7,32.4,37.2,39.3,39.1,34.4,31.7,15.4,5.9,93.2,639.0,13.4,1.1,0.0,0.0,1.0,0.0,1.0,1.0,0.0,1.0,0.0,0.0,21.9,1.7,1,298599,0,1,0,0,0,0,0,0,0,1,0,0,0,0.11330800222363588
251,2.0,14.6,18.8,15.2,27.2,39.9,47.2,30.4,23.2,24.9,20.2,19.6,22.1,22.5,21.8,24.1,27.1,27.4,26.5,28.7,30.9,34.3,36.7,41.7,53.4,64.6,80.0,67.5,39.7,40.1,36.1,33.4,36.7,38.5,40.4,35.0,26.2,22.8,16.9,4.4,75.9,622.0,9.5,1.2,0.0,1.0,1.0,0.0,1.0,1.0,0.0,0.0,0.0,0.0,23.7,1.9,1,537338,0,0,0,0,1,0,0,0,0,1,0,0,0,0.04451856564024093
252,3.0,11.0,13.2,16.6,26.5,43.2,54.7,42.6,28.2,22.0,20.4,15.9,17.2,16.7,17.2,16.7,16.1,15.2,13.9,13.8,15.3,15.7,16.7,16.1,17.9,20.1,20.5,18.3,15.0,10.7,10.4,8.7,10.9,8.8,11.2,10.3,7.4,4.4,5.5,2.1,83.6,492.0,10.1,1.0,0.0,0.0,1.0,0.0,1.0,1.0,0.0,0.0,0.0,1.0,23.4,1.5,1,514445,0,0,0,0,0,1,0,0,0,1,0,0,0,0.06301829914779729
253,3.0,12.6,18.2,18.1,19.7,28.0,31.4,24.3,16.6,17.8,16.9,23.1,20.1,21.3,25.9,25.3,26.4,26.9,26.1,26.7,31.0,37.0,38.8,46.1,53.4,69.1,64.3,74.1,64.4,47.9,40.4,49.0,47.6,48.0,45.7,49.1,38.6,33.6,21.8,11.5,76.3,643.0,14.5,1.3,0.0,0.0,1.0,0.0,0.0,1.0,0.0,0.0,0.0,1.0,23.4,1.5,1,514445,0,0,0,0,0,0,1,0,0,1,0,0,0,0.09971402208735221
254,3.0,14.0,14.2,18.0,18.0,22.5,28.1,22.7,14.2,14.6,15.1,19.6,18.9,18.5,21.2,21.5,21.6,24.0,20.7,24.2,26.1,32.1,32.3,40.7,43.6,53.6,52.4,60.8,48.4,37.6,30.4,39.1,37.3,37.1,35.9,36.1,32.0,22.5,18.3,14.0,81.0,686.0,9.0,1.1,0.0,0.0,1.0,0.0,1.0,1.0,0.0,0.0,0.0,0.0,23.7,1.9,1,537338,0,0,0,0,0,0,1,0,0,0,0,1,0,0.2112339459794027
258,1.0,20.3,32.3,22.5,25.0,37.7,53.9,46.8,38.0,42.3,38.7,30.8,27.5,29.3,27.2,30.0,33.6,28.8,31.7,31.9,36.7,36.1,40.4,45.1,58.1,56.9,75.0,80.1,56.9,46.1,53.1,46.3,48.4,43.7,45.0,44.6,34.0,30.8,19.2,12.0,87.8,708.0,25.7,1.3,0.0,0.0,1.0,0.0,1.0,1.0,0.0,0.0,0.0,1.0,21.8,1.8,1,234748,0,0,0,0,0,0,1,0,1,0,0,0,0,0.3000704915496106
259,1.0,7.3,6.6,11.9,19.1,30.8,43.1,34.1,24.8,19.2,18.7,17.9,19.9,19.2,25.3,19.4,18.6,17.4,17.8,19.4,20.6,17.4,20.4,23.8,25.2,25.2,24.9,24.8,14.0,9.8,8.2,8.3,8.5,7.9,8.1,7.3,5.4,4.0,3.7,2.0,73.5,447.0,6.6,0.5,0.0,0.0,0.0,0.0,1.0,1.0,0.0,0.0,0.0,0.0,21.8,1.8,1,234748,0,0,1,0,0,0,0,0,0,1,0,0,0,0.008550682277965946
260,1.0,7.7,9.0,11.3,15.7,28.9,40.4,32.3,31.7,26.2,19.6,15.6,15.6,15.1,17.7,17.7,17.7,18.4,17.2,18.5,19.3,23.4,23.3,26.4,30.6,32.7,38.8,43.4,32.5,29.5,24.7,22.6,24.4,27.3,32.1,29.4,21.3,11.6,7.3,8.5,93.8,431.0,11.5,0.9,0.0,1.0,0.0,0.0,1.0,1.0,0.0,0.0,0.0,1.0,21.8,1.8,1,234748,0,0,0,0,0,1,0,0,0,1,0,0,0,0.0959831278762558
261,2.0,24.1,14.8,15.9,13.0,14.1,20.0,16.2,15.2,20.5,17.7,21.9,29.0,33.2,27.4,32.1,37.2,35.9,38.7,43.2,48.5,55.9,63.5,69.4,95.9,89.5,108.1,130.1,102.3,75.0,63.9,59.7,74.8,74.9,84.6,74.6,56.7,52.2,35.7,13.6,88.7,557.0,16.7,0.9,0.0,0.0,1.0,0.0,1.0,1.0,0.0,0.0,0.0,1.0,22.9,2.3,1,668261,0,0,0,1,0,0,0,0,0,0,0,1,0,0.17101364555931892
262,1.0,18.2,18.7,18.7,22.5,32.2,62.6,53.4,32.6,28.4,18.8,25.0,27.0,30.6,29.3,33.1,35.7,30.3,35.8,37.2,35.8,42.7,37.9,47.7,43.4,52.7,47.7,57.4,38.6,24.7,20.9,17.3,27.2,31.3,31.6,32.7,23.8,27.8,11.5,6.7,82.60497925311203,559.49377593361,12.681742738589211,0.976763485477178,0.0,0.0,0.0,0.0,1.0,1.0,0.0,0.0,0.0,0.0,22.9,2.3,1,668261,0,1,0,0,0,0,0,0,0,1,0,0,0,0.17092768025491578
263,1.0,23.7,25.1,26.8,36.8,59.0,96.6,84.9,61.1,54.4,43.7,42.9,46.0,39.1,41.2,46.8,45.2,44.0,39.7,38.0,37.7,32.4,39.7,38.2,37.8,41.1,47.1,51.0,35.6,24.2,19.0,19.4,24.5,21.9,24.8,21.6,25.6,13.1,9.9,5.8,91.4,620.0,14.7,1.0,0.0,1.0,1.0,1.0,1.0,1.0,0.0,0.0,0.0,0.0,22.9,2.3,1,668261,0,1,0,0,0,0,0,0,1,0,0,0,0,0.368453025692164
264,1.0,7.1,11.5,10.2,10.6,15.0,29.7,25.6,24.2,29.1,18.9,20.4,20.7,20.2,22.0,25.4,25.5,26.5,28.8,28.3,32.4,35.0,41.1,39.7,44.7,54.0,83.7,89.9,81.7,68.3,54.8,51.6,50.4,64.3,66.5,55.8,46.6,32.3,23.2,10.3,85.7,501.0,10.0,1.2,0.0,0.0,1.0,1.0,1.0,1.0,0.0,0.0,0.0,0.0,21.8,1.8,1,234748,0,0,0,0,0,1,0,0,0,1,0,0,0,0.14071374126735783
265,1.0,18.6,18.8,27.4,41.5,54.7,73.5,55.5,58.8,47.3,38.1,32.3,33.3,28.7,27.2,27.8,28.1,27.2,23.3,24.9,23.1,24.0,24.5,28.7,33.0,31.7,27.3,27.8,24.2,22.6,17.3,15.9,15.8,17.6,15.9,14.8,14.2,12.5,8.4,3.4,81.7,545.0,11.3,1.2,0.0,0.0,1.0,0.0,1.0,1.0,0.0,0.0,0.0,0.0,22.9,2.3,1,668261,0,0,0,0,1,0,0,0,0,1,0,0,0,0.08237195467909152
266,2.0,23.9,16.8,14.6,13.9,15.3,22.3,18.0,16.2,22.6,19.9,23.2,31.0,34.5,29.6,38.0,34.3,39.2,38.6,46.4,52.1,58.8,63.1,73.8,91.2,108.8,101.4,138.1,100.0,79.7,64.2,61.2,76.5,77.5,85.1,80.3,59.9,51.6,34.0,18.8,92.3,550.0,4.4,0.6,0.0,0.0,0.0,0.0,1.0,1.0,0.0,0.0,0.0,0.0,22.9,2.3,1,668261,0,0,0,1,0,0,0,0,1,0,0,0,0,0.4404919507819977
267,4.0,21.7,20.5,29.0,39.8,62.5,106.1,88.7,60.5,51.8,41.1,48.6,50.1,39.7,44.9,45.7,43.5,43.9,42.8,35.7,38.8,33.2,35.7,38.9,37.7,36.7,43.3,42.1,32.6,21.9,19.1,19.7,29.2,28.2,34.8,30.5,28.6,26.5,12.5,5.8,84.3,740.0,30.5,1.3,0.0,0.0,0.0,0.0,1.0,1.0,0.0,0.0,0.0,0.0,21.8,1.8,1,234748,0,1,0,0,0,0,0,0,0,0,0,0,1,0.6680707666385847
268,2.0,14.5,13.3,9.0,11.3,14.0,15.1,12.5,12.0,14.3,12.0,14.4,17.1,23.1,24.3,32.3,31.8,28.9,32.5,34.0,50.1,55.6,49.5,48.1,60.7,76.5,88.0,102.0,79.2,66.0,54.8,50.0,47.5,49.4,50.0,53.4,40.8,28.8,24.0,13.7,95.9,603.0,12.7,1.1,0.0,0.0,0.0,0.0,1.0,1.0,0.0,0.0,0.0,0.0,21.8,1.8,1,234748,0,0,1,0,0,0,0,0,0,0,0,1,0,0.20284373226965596
269,1.0,32.3,19.4,17.9,25.1,33.5,42.4,24.7,13.6,14.9,13.8,15.7,14.5,16.0,16.1,17.3,17.7,19.8,17.5,18.5,18.2,21.2,21.7,25.7,28.0,33.5,44.1,39.7,27.9,20.2,21.6,22.0,19.6,20.7,22.3,20.9,17.2,13.4,10.3,9.4,78.2,523.0,14.6,1.1,0.0,0.0,1.0,0.0,1.0,1.0,0.0,1.0,0.0,0.0,23.9,1.5,1,459970,0,0,0,0,1,0,0,0,0,0,1,0,0,0.32389434290986824
270,2.0,7.0,7.8,10.7,19.0,31.5,33.8,24.7,19.2,13.7,10.9,9.6,9.5,9.7,9.3,8.5,9.2,7.6,7.7,7.2,9.3,7.8,9.4,8.6,10.7,10.9,10.8,7.7,5.3,4.0,4.1,4.1,4.0,3.3,3.6,3.3,2.4,1.0,1.3,0.3,67.7,474.0,11.3,0.8,0.0,1.0,0.0,1.0,1.0,1.0,0.0,0.0,0.0,1.0,22.9,2.3,1,668261,0,0,0,0,0,1,0,0,0,1,0,0,0,0.1275667807139705
271,3.0,9.7,14.4,16.7,19.0,25.6,43.1,37.7,35.6,37.4,33.2,32.4,40.4,41.3,37.4,42.6,43.0,40.4,40.1,41.4,44.8,42.3,50.0,54.6,62.7,60.1,66.9,66.0,49.8,36.4,30.8,33.4,33.8,32.2,35.8,26.6,25.2,21.6,15.6,9.0,84.8,668.0,16.2,1.0,0.0,0.0,1.0,0.0,1.0,1.0,0.0,1.0,0.0,1.0,22.9,2.3,1,668261,0,0,0,1,0,0,0,0,1,0,0,0,0,0.30994503951538493
272,1.0,7.0,9.8,10.7,13.7,25.0,41.7,35.8,29.4,34.3,24.4,19.0,18.3,18.0,18.8,20.8,21.5,21.6,20.0,21.1,21.9,26.0,27.3,31.4,36.7,38.3,56.8,53.8,46.5,36.3,30.4,29.7,30.1,35.5,36.5,33.1,32.2,15.2,14.5,7.9,106.9,473.0,9.7,1.1,0.0,1.0,1.0,1.0,1.0,1.0,0.0,1.0,0.0,1.0,23.9,1.5,1,459970,0,0,0,0,0,1,0,0,0,1,0,0,0,0.07493309033807288
