no,date,line,s_no,name,05in,06in,07in,08in,09in,10in,11in,12in,13in,14in,15in,16in,17in,18in,19in,20in,21in,22in,23in,05out,06out,07out,08out,09out,10out,11out,12out,13out,14out,15out,16out,17out,18out,19out,20out,21out,22out,23out
90041,2021-06-11,3,340,3가락시장,76,252,745,869,571,425,424,428,492,465,527,613,835,1179,468,324,253,282,32,21,194,439,1279,569,424,396,386,331,463,494,535,654,932,596,379,305,353,179
90403,2021-06-11,8,2818,8가락시장,84,221,396,474,297,324,300,334,355,399,499,549,693,1183,427,332,370,383,78,90,256,537,1562,640,439,355,340,337,382,335,432,484,810,483,310,274,262,167
90361,2021-06-11,7,2748,가산디지털단지,231,370,862,974,617,678,870,1208,1369,1519,1913,2809,8337,13993,5130,2421,2002,1502,345,214,1028,5112,16984,9377,2193,1320,1197,1169,1030,971,968,1138,1542,1075,481,425,451,254
89923,2021-06-11,2,222,강남,192,573,1481,2375,1777,1741,2309,2912,3453,3637,4759,5695,9012,13388,7709,5384,7563,8670,1177,421,1907,6071,13075,11690,5301,3560,3073,4156,3696,3445,4037,5096,8213,4714,1581,1263,1529,570
90329,2021-06-11,7,2732,강남구청,45,117,268,381,292,321,368,443,493,742,853,1103,1761,3541,1989,1079,1191,1149,179,68,518,1251,4547,3805,1442,776,635,721,589,554,533,676,812,462,277,225,206,114
90175,2021-06-11,5,2549,강동,388,769,2231,2816,1265,763,682,792,676,743,830,897,1647,1703,731,522,387,415,114,59,399,1125,1947,1003,588,472,575,678,640,657,858,1277,2068,1496,814,791,963,674
90393,2021-06-11,8,2813,강동구청,179,405,1252,1653,774,464,373,396,433,417,401,562,679,1169,424,231,217,221,39,36,211,588,1381,519,386,285,341,407,410,453,617,846,1323,930,533,447,567,277
89907,2021-06-11,2,214,강변(동서울터미널),299,1123,3271,4187,2482,1592,1462,1326,1422,1379,1464,1508,2044,2430,1628,1273,1031,727,187,68,616,796,1642,1279,1104,991,1181,1315,1419,1800,2045,3030,4769,3112,1687,1400,1934,660
90201,2021-06-11,5,2562,강일,58,214,490,532,293,157,136,138,141,114,124,206,188,197,78,46,29,25,10,14,60,120,168,88,67,83,99,85,92,106,184,276,440,486,243,217,238,109
90195,2021-06-11,5,2559,개롱,135,338,1029,837,401,280,234,315,253,247,293,432,497,588,268,166,146,117,24,35,105,331,689,313,199,228,197,267,284,286,380,522,765,780,340,302,451,176
90101,2021-06-11,5,2512,개화산,145,280,912,773,358,259,226,231,240,238,246,249,373,526,159,126,99,73,26,14,115,220,520,213,167,159,173,206,203,272,277,372,581,581,353,289,357,194
90197,2021-06-11,5,2560,거여,170,467,1431,1244,572,412,365,378,366,353,397,593,602,636,240,193,175,122,32,18,232,333,769,408,225,213,367,317,378,429,478,602,952,918,366,413,587,218
89903,2021-06-11,2,212,2건대입구,410,741,2055,3419,2111,1154,1086,1174,1220,1229,1440,1690,2278,3039,2043,1799,2826,3308,509,73,693,986,2592,1789,1208,1225,1349,1539,1669,1816,2245,3472,6028,3855,1841,1607,1864,1013
90323,2021-06-11,7,2729,7건대입구,107,147,483,736,520,415,471,436,507,584,730,773,1209,1251,764,954,832,942,256,28,242,665,1365,935,634,502,591,586,598,584,617,989,1556,975,464,353,359,259
89997,2021-06-11,3,317,경복궁(정부서울청사),97,196,542,733,694,517,540,609,795,962,1145,1472,2225,3788,1314,962,1115,965,110,58,526,1778,4308,1929,1048,811,739,751,765,667,707,974,1251,804,343,313,390,136
90043,2021-06-11,3,341,경찰병원,88,277,882,976,520,352,346,299,307,332,345,399,649,908,267,179,174,150,24,8,87,348,1236,525,326,245,281,301,305,328,311,567,825,584,371,279,329,184
90183,2021-06-11,5,2553,고덕,132,458,1233,1052,580,418,414,379,358,510,506,673,701,674,323,309,268,237,67,49,204,574,760,422,327,344,333,406,409,455,490,641,1111,1015,462,371,424,293
90269,2021-06-11,6,2641,고려대(종암),113,256,792,996,486,278,287,301,416,339,357,583,763,736,327,221,277,244,65,35,140,433,1110,394,232,233,253,322,267,270,368,450,784,636,328,319,419,254
90019,2021-06-11,3,329,3고속터미널,147,250,900,1364,1531,1338,1671,1910,2176,2653,2897,3270,4229,4549,3547,3923,2729,1722,431,110,929,1473,2486,3056,2502,2746,2643,2725,2800,3082,3186,3962,5423,3185,1499,1068,1017,394
90337,2021-06-11,7,2736,7고속터미널,45,103,351,611,628,675,690,732,689,870,1214,1343,2083,1925,1119,1025,1112,929,214,93,859,1474,2063,1213,816,686,704,847,705,572,530,681,934,568,282,276,255,77
90137,2021-06-11,5,2530,5공덕,69,223,861,1175,500,384,483,531,548,587,634,806,1600,2916,946,559,743,766,132,40,251,1320,3456,1562,655,494,445,469,464,525,600,973,1849,898,399,303,383,226
90241,2021-06-11,6,2627,6공덕,158,261,821,1156,675,562,578,677,680,818,922,1172,2058,3631,1342,910,968,963,218,66,383,1501,4112,1913,857,612,579,615,608,566,735,1029,1593,991,486,435,566,333
90301,2021-06-11,7,2718,공릉(서울과학기술대),211,526,1480,1644,797,525,462,553,613,583,726,663,704,875,471,476,364,410,91,36,145,506,887,592,462,414,479,513,478,585,708,958,1600,1377,668,536,736,442
90171,2021-06-11,5,2547,광나루(장신대),178,650,1666,1772,917,564,518,538,490,618,631,715,851,1114,546,329,350,314,74,41,258,575,1165,602,406,412,479,498,496,574,687,944,1478,979,601,503,679,303
90365,2021-06-11,7,2750,광명사거리,786,1204,3364,3783,1788,960,885,929,903,871,931,1098,1273,1289,791,585,480,470,104,165,374,616,1108,807,690,752,860,928,1002,1146,1445,2017,3400,2587,1247,1108,1219,669
90145,2021-06-11,5,2534,광화문(세종문화회관),36,111,350,528,458,461,730,821,1020,1195,1457,2059,3617,8214,2412,1422,1817,1439,246,26,958,3043,10634,4129,1367,1298,946,1137,903,785,841,1059,1570,679,263,206,226,102
90237,2021-06-11,6,2625,광흥창(서강),96,272,734,1019,493,326,358,376,347,409,465,463,791,1224,507,271,312,314,66,41,164,644,1500,612,351,277,299,325,325,365,380,535,892,628,330,285,427,169
89925,2021-06-11,2,223,2교대(법원.검찰청),82,425,994,1329,994,989,1158,1308,1483,2024,2088,2486,3917,6149,2497,1674,2133,2217,300,248,922,2336,6688,5488,2585,2008,1732,2121,1847,1735,1742,2128,2814,1626,691,692,852,339
89943,2021-06-11,2,232,구로디지털단지,1327,2025,5329,7395,4156,2069,1828,2006,2190,2038,2235,2689,5345,10110,4071,2174,1904,1968,349,196,776,3550,11135,5845,2162,1530,1576,1846,1673,2231,2570,3847,6564,4805,2684,2487,3465,1554
90219,2021-06-11,6,2616,구산,168,425,1188,1439,646,382,343,303,321,309,321,473,378,377,197,141,130,137,33,7,65,300,300,165,142,193,194,256,242,324,379,451,807,671,310,297,295,180
89905,2021-06-11,2,213,구의(광진구청),448,927,2715,4545,2372,1033,883,842,841,802,855,1017,1345,1791,746,548,616,678,192,46,337,613,1586,825,670,584,707,804,915,1169,1279,1945,3692,2442,1350,1326,1703,698
89983,2021-06-11,3,310,구파발,358,1192,3449,3132,1420,899,828,887,720,738,897,1129,1217,1086,660,463,497,364,73,55,333,854,987,743,644,611,702,812,840,841,1055,1537,2272,2437,1176,940,1105,867
90167,2021-06-11,5,2545,5군자(능동),247,417,1370,1875,773,416,379,404,428,356,425,458,731,981,504,367,459,492,118,25,187,285,1004,619,305,326,406,432,467,467,662,1069,2107,1361,663,626,761,525
90319,2021-06-11,7,2727,7군자(능동),288,542,1374,2336,1451,607,569,555,573,550,609,691,948,1276,672,504,629,653,140,30,195,372,1180,695,407,345,381,395,437,558,635,975,1720,1232,718,576,615,427
90385,2021-06-11,7,2760,굴포천,233,565,1528,1517,684,380,373,327,279,311,328,390,428,560,314,224,255,254,101,18,109,195,530,354,242,237,288,327,339,397,490,742,1751,1350,706,499,646,432
90179,2021-06-11,5,2551,굽은다리(강동구민회관앞),255,527,1455,1519,750,476,435,393,456,448,476,490,479,584,306,205,236,188,41,28,91,260,562,371,304,250,414,427,484,472,549,731,1342,910,544,483,670,315
90009,2021-06-11,3,324,금호,171,393,1014,1426,747,439,401,385,350,290,348,363,443,451,275,192,183,177,45,29,88,182,373,241,214,214,267,299,322,463,483,770,1195,777,471,464,527,202
90177,2021-06-11,5,2550,길동,172,334,908,1111,477,376,375,397,390,323,384,468,570,677,345,237,235,190,28,25,172,253,677,544,372,358,344,391,396,452,566,598,1192,770,483,271,477,158
90063,2021-06-11,4,417,길음,333,1110,3214,3463,1558,901,766,776,732,749,832,920,1217,1158,654,455,409,450,102,59,278,529,1045,661,582,559,755,765,706,866,1142,1772,2818,2165,1137,1111,1040,828
90103,2021-06-11,5,2513,김포공항,29,68,218,252,259,234,341,277,340,351,576,529,669,926,629,502,535,341,103,76,317,498,616,468,364,349,460,544,490,530,488,670,666,445,193,80,64,28
90115,2021-06-11,5,2519,까치산,845,1611,5010,6276,2673,1435,1221,1219,1146,1042,950,1105,1069,1190,737,498,436,438,134,55,281,411,780,626,670,676,794,893,1059,1417,1806,2440,4580,3753,2010,2021,2270,1056
90371,2021-06-11,7,2753,까치울,142,420,1375,1628,630,297,289,269,284,275,263,367,414,428,217,163,194,111,39,22,134,235,414,197,173,190,230,279,238,293,448,738,1164,1092,487,494,569,241
89933,2021-06-11,2,227,낙성대(강감찬),423,956,3096,5039,2815,1323,1055,1161,1200,1100,1110,1245,1721,2090,1051,787,735,685,192,68,269,796,1545,1062,801,790,811,877,999,1208,1415,2116,3653,2872,1692,1619,2355,937
90359,2021-06-11,7,2747,남구로,592,576,1178,1371,763,472,453,532,536,553,608,751,1727,3214,1254,539,470,377,94,56,273,1369,4356,1883,717,523,476,459,496,581,755,1067,1140,833,522,686,639,276
90023,2021-06-11,3,331,남부터미널(예술의전당),97,302,995,1482,1061,982,1078,1249,1338,1412,1630,2028,3754,5666,2389,1459,1394,1387,177,45,804,2261,6320,3115,1772,1162,1282,1277,1436,1567,1599,2000,2665,1542,742,660,625,277
90343,2021-06-11,7,2739,남성,195,481,1536,2214,1134,610,492,451,503,442,400,491,527,620,306,286,237,191,73,24,131,276,596,386,327,338,354,410,400,568,655,847,1477,1087,637,596,709,369
90097,2021-06-11,4,434,남태령,23,34,106,125,118,88,48,48,53,71,76,143,135,178,48,44,22,18,6,4,58,157,208,89,52,40,40,56,54,54,50,59,52,57,36,38,42,24
90413,2021-06-11,8,2823,남한산성입구(성남법원.검찰청),344,745,2018,2594,1140,731,726,648,564,709,719,779,854,1002,411,238,183,154,58,47,183,535,1232,828,577,452,509,510,448,660,716,928,1625,1341,707,699,889,452
90339,2021-06-11,7,2737,내방,86,226,696,1093,692,508,491,503,595,575,711,967,1498,2975,939,581,637,560,102,52,377,970,3553,1725,746,484,489,542,545,524,651,784,1081,770,378,373,430,226
90051,2021-06-11,4,411,4노원,382,949,2192,2240,1176,816,746,893,853,821,863,1035,1056,1134,760,859,930,1031,153,15,246,496,1068,954,742,743,777,837,977,1074,1383,1805,3423,2623,1266,1153,1174,727
90295,2021-06-11,7,2715,7노원,229,589,1483,1462,1012,875,954,1022,1045,1083,1175,1424,1403,1730,991,1021,886,1016,172,65,227,760,1804,1512,1189,922,966,1115,1300,1282,1369,1704,2449,1982,800,655,664,489
89989,2021-06-11,3,313,녹번,328,978,2648,2992,1404,854,664,566,624,579,495,567,654,825,356,249,197,191,34,22,140,289,732,365,293,319,418,459,443,598,953,1296,2275,1745,891,904,1021,496
90247,2021-06-11,6,2630,녹사평(용산구청),32,64,184,306,172,124,124,177,184,229,201,375,503,712,355,249,421,622,101,16,159,405,790,309,215,170,213,212,180,218,273,381,629,422,156,119,203,78
90333,2021-06-11,7,2734,논현,70,144,343,558,484,390,512,594,615,760,912,1209,2377,4320,2287,1405,1501,1925,319,51,685,1782,5157,4069,1477,865,751,796,760,743,773,1033,1581,864,379,314,290,182
90415,2021-06-11,8,2824,단대오거리,287,585,1448,1672,858,476,420,435,473,459,449,561,733,967,388,214,183,198,31,75,273,475,757,376,316,274,353,312,372,584,520,844,1242,1104,669,560,629,363
90163,2021-06-11,5,2543,답십리,292,672,2351,3139,1237,645,571,625,563,544,609,714,1038,1497,756,405,375,357,81,43,246,718,1604,677,407,440,502,594,481,710,808,1191,2247,1550,723,689,898,483
90047,2021-06-11,4,409,당고개,277,822,2267,2127,1042,679,587,551,604,608,508,536,610,622,451,253,204,153,48,2,240,354,555,393,424,402,431,426,486,632,798,941,1539,1264,899,799,838,542
89953,2021-06-11,2,237,당산,224,703,1915,2219,1223,709,678,717,707,737,816,971,1629,2440,963,682,892,833,223,100,440,1212,3164,1468,664,612,630,838,727,793,1095,1773,2955,1782,1054,1038,1333,616
89945,2021-06-11,2,233,2대림(구로구청),1049,1072,2608,3521,2278,1086,899,976,999,972,1017,1285,1565,2110,969,657,635,504,145,100,403,988,2211,1292,916,1028,974,1007,1049,1332,1499,2112,2671,1916,1277,1617,1934,682
90357,2021-06-11,7,2746,7대림(구로구청),335,292,608,780,618,370,356,413,414,401,415,500,570,642,394,318,282,280,58,27,122,228,728,438,435,411,380,423,398,472,453,712,896,543,400,423,408,176
90035,2021-06-11,3,337,대청,129,387,1044,1226,553,429,397,371,423,452,800,721,910,1078,392,305,199,205,52,49,239,690,1124,424,276,259,344,332,394,403,558,604,983,817,463,450,626,231
90031,2021-06-11,3,335,대치,98,412,961,918,451,380,337,442,404,448,577,583,845,1018,686,460,562,1232,105,35,276,723,951,541,429,378,431,560,561,759,895,1155,1148,804,431,357,412,193
90239,2021-06-11,6,2626,대흥(서강대앞),73,197,640,778,437,293,276,374,339,345,412,548,794,1025,469,298,331,368,105,31,168,572,1349,562,339,317,390,402,349,360,439,574,818,518,279,278,342,156
90029,2021-06-11,3,334,도곡,47,152,360,412,274,177,182,206,214,246,335,496,737,729,328,189,221,190,39,13,159,615,879,612,254,181,224,246,203,251,237,314,442,371,173,160,193,108
89973,2021-06-11,2,247,도림천,8,43,126,127,64,65,42,84,55,155,88,130,115,184,65,39,29,15,10,13,35,201,274,94,55,39,79,47,63,45,78,63,126,74,48,40,55,34
90289,2021-06-11,7,2712,도봉산,176,684,2154,1669,688,383,335,370,302,381,367,412,399,400,202,129,109,94,16,26,148,259,426,355,404,322,447,422,410,463,535,730,1343,1546,723,690,830,559
89995,2021-06-11,3,316,독립문,183,189,629,733,504,350,396,368,365,387,392,662,587,652,318,174,153,141,26,26,222,596,815,423,304,292,287,347,301,364,380,511,652,477,286,247,306,260
90217,2021-06-11,6,2614,독바위,67,187,586,512,212,142,122,112,104,97,102,120,102,92,57,32,32,35,11,10,35,52,102,73,83,78,86,82,102,142,173,256,411,363,190,170,192,152
90275,2021-06-11,6,2644,돌곶이,213,498,1472,1617,725,390,358,392,380,352,391,414,470,568,325,210,213,219,61,23,93,194,647,414,288,246,303,352,332,439,492,742,1163,1012,570,410,615,297
89871,2021-06-11,1,155,1동대문,498,308,613,715,599,508,575,664,627,681,725,771,825,889,636,439,472,452,145,76,246,466,969,774,657,643,642,609,558,600,595,639,695,739,472,395,384,362
90071,2021-06-11,4,421,4동대문,211,93,212,260,448,687,916,1021,1193,1541,1762,2137,3422,2631,1080,730,925,663,166,126,571,1486,3326,2680,2032,1695,1364,1436,1424,1033,817,670,521,580,394,233,229,202
89889,2021-06-11,2,205,2동대문역사문화공원(DDP),245,169,286,390,369,344,418,459,594,665,813,1202,1461,1685,898,613,785,600,194,42,321,968,2202,1119,838,825,660,717,658,677,558,717,832,910,515,443,459,283
90073,2021-06-11,4,422,4동대문역사문화공원(DDP),252,155,215,294,279,307,444,506,563,752,849,1019,1854,2727,1210,842,898,909,272,48,454,1030,2834,1385,864,731,652,562,589,525,449,533,677,843,442,283,286,234
90151,2021-06-11,5,2537,5동대문역사문화공원(DDP),6,22,41,56,58,44,65,69,61,123,122,136,446,859,321,135,127,87,22,12,100,402,1272,518,123,97,106,119,88,77,79,82,147,63,40,43,65,19
90005,2021-06-11,3,322,동대입구,50,84,238,261,195,155,170,218,253,357,487,510,1277,1236,530,372,380,427,79,38,360,488,1817,838,457,373,448,422,311,253,314,346,424,268,116,164,153,76
89879,2021-06-11,1,159,동묘앞1,106,122,226,348,267,266,360,559,643,725,811,980,887,844,367,254,230,136,44,35,158,383,1011,562,517,610,707,771,817,634,604,495,356,230,157,155,238,178
90261,2021-06-11,6,2637,동묘앞6,154,168,322,479,411,348,386,505,437,480,540,572,797,851,453,283,236,256,68,29,160,358,1074,743,478,425,378,401,412,391,470,445,622,453,251,234,298,331
90091,2021-06-11,4,431,동작(현충원),12,63,216,269,190,200,173,201,158,135,211,244,282,311,115,124,122,106,46,8,117,176,322,217,141,194,206,171,194,198,209,272,313,230,126,124,130,73
90187,2021-06-11,5,2555,둔촌동,110,348,1032,1143,490,332,314,396,339,379,399,595,668,858,388,278,317,296,60,32,237,399,865,399,293,317,333,376,359,397,533,759,1132,867,362,338,349,228
90225,2021-06-11,6,2619,디지털미디어시티,200,525,1759,1881,873,549,401,446,406,411,450,649,1287,2128,754,368,311,265,90,103,451,1113,2913,1150,440,357,384,370,418,430,645,866,1665,1077,618,554,695,369
89899,2021-06-11,2,210,뚝섬,113,315,738,1018,732,627,619,780,808,1007,1211,1408,2589,5066,2259,1270,1367,1270,182,82,559,1563,6114,3499,1630,891,861,1038,832,991,977,1291,2009,997,466,449,543,231
90325,2021-06-11,7,2730,뚝섬유원지,179,316,775,1206,657,306,257,264,254,233,341,401,452,508,322,373,475,645,403,8,121,240,500,341,204,236,239,302,295,392,508,751,1233,872,619,526,789,258
90107,2021-06-11,5,2515,마곡,70,278,965,924,472,373,366,343,417,418,538,728,1183,1458,590,341,323,288,58,60,236,437,1946,1179,517,334,395,395,375,382,483,525,1038,708,309,321,315,227
90293,2021-06-11,7,2714,마들,337,908,2579,2326,961,652,563,585,523,504,509,478,494,500,265,220,166,150,44,39,90,339,413,314,354,351,403,459,486,633,733,965,1626,1710,834,705,820,573
90161,2021-06-11,5,2542,마장,71,221,660,828,336,251,227,241,245,222,298,318,374,486,259,163,140,172,46,20,120,266,641,228,206,182,211,195,201,279,271,334,657,456,233,223,268,159
90199,2021-06-11,5,2561,마천,223,443,1227,1079,503,272,265,260,293,211,253,308,292,382,158,109,92,49,15,10,133,172,440,190,171,178,215,220,224,374,394,525,759,789,364,346,383,298
90135,2021-06-11,5,2529,마포,91,283,1020,1343,668,419,435,472,595,544,581,797,1425,2519,901,624,674,698,97,57,348,904,3068,1441,606,525,473,532,474,460,627,915,1779,888,404,344,440,226
90229,2021-06-11,6,2621,마포구청,232,486,1586,2034,1099,699,587,546,582,596,598,703,942,1574,620,401,441,370,95,64,286,553,1520,652,422,413,466,470,507,600,662,895,1572,1092,620,574,761,375
90231,2021-06-11,6,2622,망원,175,381,1097,1537,797,555,503,577,587,634,660,762,1012,1359,810,599,720,711,159,22,176,342,1259,1111,646,691,707,747,734,955,955,1243,1934,1385,597,524,577,312
90027,2021-06-11,3,333,매봉,55,247,664,784,491,337,415,389,412,536,586,722,1535,2839,891,468,600,462,66,20,326,970,2870,1597,513,424,397,360,333,404,467,688,925,608,272,279,338,179
90305,2021-06-11,7,2720,먹골,274,508,1431,1721,900,461,420,417,408,383,432,451,521,629,408,236,212,167,51,25,126,199,626,318,256,280,309,349,389,459,598,804,1447,1156,649,536,682,390
90311,2021-06-11,7,2723,면목,418,857,2346,2984,1430,777,674,728,621,584,683,725,810,816,545,349,285,308,70,20,167,337,995,689,532,427,528,587,608,792,1040,1218,2132,1812,1000,873,1024,540
90077,2021-06-11,4,424,명동,18,80,134,200,217,252,454,638,723,978,998,1424,2262,3921,1486,1244,1035,676,88,46,465,1643,4406,2172,1125,1094,934,948,811,796,705,825,900,505,227,165,126,81
90181,2021-06-11,5,2552,명일,183,474,1469,1350,560,388,390,375,360,371,416,436,475,523,241,159,192,164,32,31,114,229,523,365,259,283,304,338,362,452,571,714,1359,1208,496,409,471,299
90421,2021-06-11,8,2827,모란,58,120,321,448,219,180,190,168,187,241,293,342,314,363,200,117,158,197,38,24,96,175,302,183,147,146,132,195,174,215,221,264,394,269,114,118,142,78
90119,2021-06-11,5,2521,목동,244,766,2401,2820,1207,770,668,707,690,722,742,791,1026,1131,664,553,429,602,102,38,218,603,1172,825,611,520,574,771,701,843,1118,1792,3014,2254,1045,943,1067,512
90395,2021-06-11,8,2814,몽촌토성(평화의문),52,137,403,620,327,198,228,188,222,221,312,347,555,849,328,213,237,247,70,50,181,297,1087,572,230,200,281,220,189,254,281,365,626,394,210,182,235,124
89993,2021-06-11,3,315,무악재,63,195,593,656,340,211,173,169,147,137,154,218,238,281,108,88,70,47,28,14,82,110,236,99,105,104,130,155,147,235,232,296,602,450,237,245,243,158
89949,2021-06-11,2,235,문래,132,526,1698,1865,923,575,557,685,709,720,935,1146,2170,4146,1364,849,960,1081,159,81,366,1506,5076,2138,776,639,647,715,684,792,943,1267,2369,1595,711,585,797,321
90405,2021-06-11,8,2819,문정,75,247,909,1225,654,517,581,676,692,862,976,1288,3295,5445,1590,879,871,811,137,116,413,2082,7274,3214,1060,545,570,678,601,637,724,964,1349,968,454,414,539,210
90203,2021-06-11,5,2563,미사,221,861,2603,2416,1005,640,568,488,562,502,562,731,859,914,493,397,431,458,94,10,348,385,793,587,362,352,432,518,419,533,870,927,2369,2438,1061,870,924,600
90059,2021-06-11,4,415,미아(서울사이버대학),376,737,1902,2173,1123,719,663,645,651,659,675,741,836,1033,592,362,287,254,58,50,164,356,1197,608,544,519,493,536,674,831,931,1098,1719,1464,792,783,788,472
90061,2021-06-11,4,416,미아사거리,489,1484,3733,4226,2056,1345,1201,1074,1183,1183,1325,1615,1527,1649,1042,1065,714,581,136,74,238,767,1342,1071,908,942,1002,1013,1245,1547,1712,2580,3844,3304,1577,1493,1227,952
90335,2021-06-11,7,2735,반포,22,103,318,417,230,180,203,241,240,290,363,475,592,688,477,362,363,368,86,22,211,439,780,594,265,326,292,314,282,275,283,361,460,278,160,122,177,64
90109,2021-06-11,5,2516,발산,108,353,1039,1063,597,519,680,737,757,893,1124,1511,2211,3243,1226,871,974,1206,182,91,508,1301,4361,2115,897,677,769,806,753,750,867,1183,1796,1372,518,453,493,224
89929,2021-06-11,2,225,방배,103,325,937,1208,886,583,641,677,799,918,1040,1325,1736,2634,1147,643,755,795,128,90,525,1126,3022,1855,888,661,765,868,715,886,836,1234,1525,999,555,601,741,267
90191,2021-06-11,5,2557,방이,72,268,794,701,356,268,244,239,248,249,323,424,477,785,389,249,342,511,54,26,143,291,922,457,246,237,261,293,298,418,526,608,887,622,315,242,258,169
90099,2021-06-11,5,2511,방화,176,420,1095,993,444,279,288,283,358,274,430,349,398,412,198,133,111,90,24,1,125,232,609,256,191,186,246,256,272,335,354,489,715,783,395,373,379,238
90253,2021-06-11,6,2633,버티고개,23,53,202,293,157,82,87,92,77,76,134,109,192,240,106,61,61,81,24,11,42,90,208,107,69,67,68,86,101,112,114,176,253,176,92,101,144,70
90353,2021-06-11,7,2744,보라매,212,314,905,1339,680,358,382,376,329,333,409,738,765,1434,417,284,312,246,65,44,248,736,1728,501,277,282,323,331,322,332,402,647,1207,779,374,409,473,250
90265,2021-06-11,6,2639,보문,127,278,748,1172,605,331,286,277,294,311,359,463,495,688,319,208,219,197,72,36,121,330,880,365,208,193,233,278,226,273,328,459,791,603,353,314,506,266
90409,2021-06-11,8,2821,복정,186,438,1232,1678,852,499,365,387,390,413,484,639,966,1097,566,308,256,328,94,88,328,491,849,548,271,269,343,270,369,402,494,822,1350,930,510,464,568,216
89937,2021-06-11,2,229,봉천,552,1043,3254,4968,2624,1221,986,967,965,856,899,1135,1038,1422,761,503,532,431,107,49,234,541,1030,635,683,599,695,826,873,1201,1295,1916,3197,2662,1437,1386,1752,765
90283,2021-06-11,6,2648,봉화산(서울의료원),174,554,1989,1663,592,413,364,373,329,346,299,353,431,397,206,152,118,139,34,40,105,226,514,258,199,187,285,330,297,388,448,720,1241,1176,547,455,631,340
90379,2021-06-11,7,2757,부천시청,207,615,1770,1681,727,464,465,494,471,464,543,724,900,1082,610,612,539,507,106,79,236,565,1059,733,385,406,446,526,545,567,705,1104,1752,1694,726,500,535,446
90373,2021-06-11,7,2754,부천종합운동장,118,252,739,756,418,161,216,175,156,171,175,232,320,452,172,113,80,80,18,32,138,236,468,147,112,134,113,165,156,183,181,294,481,504,230,219,238,114
90387,2021-06-11,7,2761,부평구청,196,634,1513,1294,546,321,297,314,278,273,326,328,494,494,231,166,168,176,44,16,128,254,533,196,163,169,181,230,233,275,347,482,970,973,562,417,541,342
89987,2021-06-11,3,312,3불광,321,679,2040,2458,1199,781,715,684,731,745,758,912,1006,1188,562,444,371,342,73,39,184,365,1148,863,700,697,767,823,888,922,1145,1350,2237,1761,902,728,967,438
90215,2021-06-11,6,2613,6불광,50,140,408,483,257,212,176,239,236,244,299,325,295,361,210,138,135,131,16,18,79,143,299,219,133,176,205,205,183,213,271,331,585,418,199,205,230,127
90313,2021-06-11,7,2724,사가정,390,856,2219,2893,1480,844,667,687,667,656,625,779,853,1002,646,416,368,348,113,48,235,481,1010,572,471,549,591,571,694,841,1004,1366,2482,2060,1088,879,1034,544
89931,2021-06-11,2,226,2사당,401,902,2912,3829,2548,1473,1287,1409,1456,1438,1586,1803,2652,3666,2039,1705,2223,3005,483,135,830,1668,2492,1555,1222,1348,1374,1417,1500,1875,2532,3741,6563,3918,1939,1877,2608,1128
90095,2021-06-11,4,433,4사당,331,903,2808,3251,2075,1226,984,912,1039,940,907,1179,1560,1812,1108,885,1215,1374,201,42,487,835,1312,853,607,730,688,675,760,892,1217,2054,3469,2146,1019,962,1227,664
90411,2021-06-11,8,2822,산성,154,308,985,1075,536,312,267,213,238,191,290,284,328,300,145,93,89,74,27,26,99,139,353,160,144,132,177,190,193,330,370,513,867,725,368,393,424,243
90085,2021-06-11,4,428,4삼각지,25,91,248,400,212,156,140,194,231,223,209,294,544,915,330,211,306,312,46,16,128,433,1022,384,227,224,227,207,186,203,224,373,673,391,208,147,218,94
90245,2021-06-11,6,2629,6삼각지,46,120,301,485,272,171,188,236,215,286,335,407,707,901,370,239,264,347,98,24,180,471,907,347,196,199,226,193,194,173,249,311,504,292,154,161,293,116
90383,2021-06-11,7,2759,삼산체육관,140,409,1076,952,405,230,239,205,200,200,230,301,228,204,117,77,60,74,40,15,62,155,262,146,88,129,173,204,165,203,258,369,777,643,321,313,343,264
89917,2021-06-11,2,219,삼성(무역센터),169,233,551,756,752,800,1250,1648,2209,2705,3436,4465,7681,11738,5294,3240,3062,2604,339,205,1553,5007,13578,9370,3632,2679,2176,2530,2145,1770,1740,2012,2478,1312,575,410,533,276
90049,2021-06-11,4,410,상계,481,1423,3553,3071,1423,889,788,805,749,721,755,826,940,869,526,367,377,481,95,7,249,647,724,514,470,496,618,635,714,880,1082,1409,2571,2156,1283,1171,1304,745
90347,2021-06-11,7,2741,상도,175,445,1368,1782,966,521,459,386,459,415,394,550,658,739,383,310,295,295,87,40,154,335,751,517,376,311,336,407,388,503,596,824,1524,1001,562,549,669,351
90381,2021-06-11,7,2758,상동,167,590,1728,1430,616,443,453,499,481,515,619,667,888,1041,691,540,615,730,166,72,168,481,1121,1034,480,487,473,619,554,651,717,1215,1853,1684,661,449,592,404
90309,2021-06-11,7,2722,상봉(시외버스터미널),351,735,2153,2897,1246,690,630,669,583,613,719,836,1082,1288,767,550,600,493,142,47,232,540,1321,786,508,426,518,609,596,700,885,1276,2364,2067,940,902,979,606
90235,2021-06-11,6,2624,상수,36,127,320,493,279,224,233,328,343,379,376,433,625,1017,672,551,803,1103,204,33,88,252,995,877,546,437,478,503,522,450,610,830,1318,851,370,227,297,131
89893,2021-06-11,2,207,상왕십리,192,496,1494,2417,1246,652,596,541,635,588,650,648,964,1223,677,424,356,361,67,18,224,470,1452,741,479,422,445,550,519,618,768,1196,1772,1151,729,633,806,389
90273,2021-06-11,6,2643,상월곡(한국과학기술연구원),174,341,1006,1158,510,312,274,284,227,247,232,292,311,417,233,129,97,92,36,16,62,125,540,259,177,191,179,206,218,286,295,466,682,605,351,316,387,225
90185,2021-06-11,5,2554,상일동,337,1276,3810,2431,1114,683,605,624,623,562,650,712,835,776,367,297,205,153,53,36,187,448,750,365,279,345,443,476,649,736,862,1157,1906,2491,934,769,959,711
90221,2021-06-11,6,2617,새절(신사),334,751,2217,2530,1112,573,502,513,494,456,537,571,560,590,336,209,176,200,42,20,152,288,577,327,274,342,367,456,426,617,717,1005,1856,1559,720,692,890,540
90143,2021-06-11,5,2533,서대문,96,212,648,864,566,559,627,640,657,822,977,1328,2545,4669,1030,675,621,523,93,31,544,2849,6483,1561,745,516,491,636,501,493,489,687,912,540,287,297,343,162
89935,2021-06-11,2,228,서울대입구(관악구청),1191,1614,5130,7263,4269,2043,1901,1878,1886,1730,2161,2433,2855,3510,1978,1492,1816,1959,357,88,454,1239,2540,2141,1477,1386,1548,1731,1872,2195,2575,3990,6879,5463,2623,2584,3381,1692
89861,2021-06-11,1,150,1서울역,288,490,1364,2207,1682,1483,1603,2097,2311,2038,2727,3316,5214,7516,3588,2292,2491,1799,476,197,1148,3588,7477,4497,1959,1806,1926,2054,1850,2203,2166,2811,3802,2396,1227,1021,976,434
90081,2021-06-11,4,426,4서울역,119,175,461,546,466,339,354,374,388,455,444,602,1488,2171,639,356,372,420,87,14,367,1189,3082,1402,607,596,673,833,698,859,886,1088,1408,1046,483,419,541,260
89927,2021-06-11,2,224,서초,39,263,603,942,795,632,741,838,919,1098,1329,1571,2969,4258,1492,870,933,744,170,155,734,1895,5121,3300,1365,841,723,798,691,672,731,808,978,555,340,324,411,113
90277,2021-06-11,6,2645,석계,333,742,1974,2161,963,617,512,516,510,477,481,500,612,509,403,279,266,263,88,52,161,291,525,359,315,389,466,489,469,599,755,1070,2020,1570,887,672,883,471
90399,2021-06-11,8,2816,석촌,114,178,597,978,457,307,298,307,336,328,373,461,617,742,404,275,335,366,71,21,143,316,848,643,390,335,352,399,453,462,504,789,1053,759,361,334,389,203
89919,2021-06-11,2,220,선릉,141,370,824,1171,1080,1209,1746,1923,2340,2757,3247,4811,7326,12157,5092,2833,3050,3161,421,278,1476,4236,11628,8582,3413,2407,2014,2194,2028,1724,1698,2188,2298,1357,599,571,686,280
89901,2021-06-11,2,211,성수,208,327,878,1167,883,738,746,894,1059,1258,1460,1873,4266,9437,3571,1862,2166,1897,215,156,1128,2940,11499,5830,1873,1293,1199,1317,1170,1345,1331,1640,2570,1417,635,433,622,489
90065,2021-06-11,4,418,성신여대입구(돈암),213,667,1798,2185,1181,828,740,846,904,918,987,1214,1400,1763,995,848,1048,1084,191,60,198,609,1332,895,767,667,774,834,913,898,1140,1602,2652,1848,1021,939,995,576
90105,2021-06-11,5,2514,송정,118,316,847,844,513,376,297,284,277,269,295,312,460,534,295,168,224,179,34,38,158,293,461,258,196,218,259,283,274,355,375,434,752,597,365,331,318,206
90401,2021-06-11,8,2817,송파,76,316,1026,1159,543,373,279,302,326,295,399,585,489,651,291,212,163,128,38,26,194,429,732,351,209,256,269,285,325,306,464,678,1043,719,371,328,366,199
90291,2021-06-11,7,2713,수락산,330,849,2185,1899,960,672,521,575,612,569,544,595,702,723,388,277,221,174,49,33,140,301,745,423,391,431,503,502,487,669,822,907,1660,1690,820,800,834,529
90039,2021-06-11,3,339,수서,185,456,1346,1604,1012,768,682,937,965,766,1034,1388,1813,2087,899,870,513,588,117,66,555,1160,2104,1125,670,590,798,739,745,867,849,1549,2190,1511,905,686,954,314
90057,2021-06-11,4,414,수유(강북구청),673,1723,4490,4970,2659,1602,1497,1549,1409,1409,1361,1687,2030,2394,1290,941,944,886,198,105,437,756,2218,1324,959,965,1010,1307,1333,1752,2062,2883,4744,4297,2147,1826,2146,1282
90419,2021-06-11,8,2826,수진,138,233,605,889,405,214,202,258,259,212,221,298,321,353,153,118,112,88,25,29,86,111,366,188,176,176,144,192,193,267,288,364,579,448,236,198,297,170
90083,2021-06-11,4,427,숙대입구(갈월),89,270,656,997,629,498,461,467,580,578,710,980,1337,1875,791,599,685,728,141,42,276,947,2109,1083,544,524,485,506,483,508,719,833,1248,839,443,388,483,205
90345,2021-06-11,7,2740,숭실대입구(살피재),203,463,1501,2023,1013,565,508,473,615,588,809,707,911,888,537,394,418,438,100,19,130,349,843,659,565,524,545,620,596,609,771,1092,1788,1301,684,646,786,459
89863,2021-06-11,1,151,1시청,65,111,255,293,293,342,530,588,790,886,1137,1513,2674,5610,1635,1146,1260,1074,175,144,693,2455,6972,2950,1089,899,813,822,699,681,604,649,789,342,179,171,144,75
89881,2021-06-11,2,201,2시청,34,69,175,256,310,462,587,621,817,1037,1072,1483,3287,6935,1752,1061,1107,926,144,64,535,2521,8438,3136,818,685,598,680,584,616,517,609,649,336,130,127,144,73
90155,2021-06-11,5,2539,신금호,89,292,791,1083,483,256,236,261,268,257,428,399,336,413,264,185,172,119,29,9,110,331,606,240,189,183,222,253,257,337,382,573,942,530,320,334,416,181
90129,2021-06-11,5,2526,신길,63,134,504,790,267,134,114,122,133,106,109,153,282,564,202,100,97,122,43,19,64,208,617,233,95,94,137,136,121,121,146,338,670,361,225,213,342,128
89969,2021-06-11,2,245,신답,39,70,259,403,151,72,65,71,53,46,59,70,80,86,39,24,24,21,3,3,24,34,67,40,38,43,54,61,62,83,109,162,414,255,109,104,116,82
89891,2021-06-11,2,206,2신당,195,403,1036,1684,934,619,552,599,672,668,686,826,1055,1361,793,553,539,545,128,36,330,660,1348,875,618,613,574,636,688,723,863,1136,1730,1131,609,601,708,335
90259,2021-06-11,6,2636,6신당,287,179,250,373,313,255,347,391,341,321,528,530,706,1011,566,413,432,695,138,34,235,682,1581,859,446,324,233,277,271,198,307,397,613,604,328,228,270,341
89941,2021-06-11,2,231,신대방,869,1375,3582,5236,2848,1337,1049,982,957,819,934,990,1301,1685,814,537,435,451,116,71,310,709,1258,813,592,603,716,792,841,1274,1440,2251,3472,2991,1698,1925,2374,1114
90351,2021-06-11,7,2743,신대방삼거리,386,682,2046,3126,1592,773,735,675,637,582,664,721,891,1257,547,406,348,343,89,31,251,495,1185,711,437,442,480,512,640,735,897,1234,2425,1694,1002,844,1004,506
89947,2021-06-11,2,234,신도림,1308,1894,5235,5388,2975,1835,1715,1934,1965,1896,2176,2519,3388,4754,2523,2000,2347,2697,473,168,598,1596,4238,2472,2006,1664,1886,1818,1996,2224,2740,3805,7104,4775,2308,2174,3200,1778
89939,2021-06-11,2,230,신림,1385,2745,8194,12653,6830,3133,2364,2513,2339,1966,2268,2636,2993,3330,1951,1571,1627,1765,404,134,625,1351,2398,1717,1381,1461,1587,1869,2102,2779,3446,5171,9728,7789,4360,4207,5296,2505
90015,2021-06-11,3,327,신사,84,198,396,678,502,579,763,952,970,1264,1588,2041,3449,5423,3371,2214,2806,2911,293,56,747,1832,4727,5298,2610,1481,1451,1499,1473,1440,1560,2031,3317,1664,477,366,414,197
89873,2021-06-11,1,156,1신설동,267,294,646,950,580,491,555,601,687,635,725,1098,1542,2464,818,480,496,466,101,109,388,1064,2575,1396,667,588,518,599,536,591,652,778,976,679,358,343,424,250
89971,2021-06-11,2,246,2신설동,42,43,141,241,156,123,144,170,197,171,237,244,366,462,163,118,92,76,31,13,79,226,516,314,170,186,151,181,158,145,139,185,209,144,92,68,81,73
90087,2021-06-11,4,429,신용산,37,141,449,614,442,327,472,529,598,659,792,1050,2167,3413,1316,922,1027,760,156,41,396,1228,3571,2466,967,689,627,743,653,706,728,904,1372,841,405,268,333,112
90117,2021-06-11,5,2520,신정(은행정),434,886,2786,3282,1267,585,479,441,415,403,430,474,550,682,289,197,170,159,44,22,122,272,525,307,219,243,311,326,372,546,681,1008,1773,1391,771,667,891,398
89977,2021-06-11,2,249,신정네거리,279,658,2050,1760,865,480,433,410,412,354,382,475,468,513,300,222,181,164,39,36,121,217,466,274,275,270,333,417,416,537,689,1043,1806,1359,713,545,760,402
90377,2021-06-11,7,2756,신중동,188,670,1869,1767,790,524,490,521,499,546,592,699,1094,1845,646,639,500,495,135,73,201,634,1904,939,471,448,487,513,541,571,745,1028,1939,1586,767,526,632,461
89959,2021-06-11,2,240,신촌,184,423,1285,1856,1110,1069,1229,1361,1391,1552,1819,2283,3052,3313,1996,1968,2333,2489,454,86,615,1329,3194,3156,1761,1550,1508,1835,1663,1647,1737,2418,3866,2272,1115,934,1096,546
90355,2021-06-11,7,2745,신풍,339,628,1647,2127,1084,545,459,517,462,461,487,586,647,825,432,292,328,263,46,32,166,480,883,412,320,341,387,375,452,539,671,1079,1790,1162,638,694,736,411
90417,2021-06-11,8,2825,신흥,127,202,473,614,310,196,202,180,195,225,230,268,313,332,166,134,99,80,11,22,141,122,290,154,170,153,149,197,217,327,324,394,580,443,282,243,239,150
90055,2021-06-11,4,413,쌍문,858,1947,5014,5292,2625,1643,1263,1218,1143,1037,1023,1254,1290,1422,855,546,505,369,99,29,316,571,1141,722,640,687,795,949,1013,1336,1472,2497,3858,3699,2048,1804,1930,1176
90169,2021-06-11,5,2546,아차산(어린이대공원후문),293,558,1769,2297,1069,634,533,674,602,613,627,869,914,956,574,389,435,319,79,41,170,490,1100,536,397,507,511,582,579,765,848,1121,2055,1378,750,633,837,411
89963,2021-06-11,2,242,아현,147,395,1105,1458,792,542,447,403,495,419,572,993,736,810,458,290,304,207,56,41,270,585,1010,430,320,370,361,404,443,450,576,810,1157,869,486,537,665,240
89999,2021-06-11,3,318,안국,59,117,213,311,270,269,421,660,567,904,1224,1976,4094,3423,1190,968,1064,837,89,69,749,3795,3992,2175,1028,1004,844,847,788,718,653,778,950,444,185,143,175,87
90267,2021-06-11,6,2640,안암(고대병원앞),49,117,308,405,316,335,368,479,400,540,661,871,1443,1187,561,461,614,635,182,43,203,691,1452,1174,700,429,470,647,439,374,357,489,622,498,297,259,363,216
90389,2021-06-11,8,2811,암사,513,1015,3301,4253,1757,884,724,725,709,572,595,706,800,921,472,376,281,247,56,32,209,329,749,518,329,456,549,612,592,887,892,1588,2903,2019,1021,1091,1099,597
90013,2021-06-11,3,326,압구정,99,277,618,880,697,801,959,1180,1194,1576,1894,2285,3723,5290,3758,2587,2384,1936,252,76,790,1841,5458,6320,2530,1874,1609,1709,1577,1555,1742,2062,2516,1325,517,396,467,231
90139,2021-06-11,5,2531,애오개,86,191,699,933,413,255,296,252,300,282,274,457,538,958,328,211,190,145,49,22,145,427,1284,473,238,226,247,246,274,247,296,417,827,457,222,210,279,183
90007,2021-06-11,3,323,3약수,203,398,1027,1543,973,589,556,572,622,568,679,777,974,1396,664,456,549,467,91,30,196,612,1417,758,537,488,532,516,486,634,763,1069,1603,932,612,549,672,287
90255,2021-06-11,6,2634,6약수,42,63,204,304,187,148,156,154,168,182,204,226,367,492,204,160,164,172,33,8,60,241,705,324,154,173,140,184,143,172,182,228,350,200,101,96,133,59
90025,2021-06-11,3,332,양재(서초구청),182,471,1401,1759,1173,1079,1212,1347,1476,1671,1991,2929,5517,8764,3312,1846,1949,1745,204,92,1401,4173,10254,4942,1879,1393,1294,1698,1368,1393,1628,2109,2927,1971,968,913,1049,371
89975,2021-06-11,2,248,양천구청,180,434,1310,1224,522,343,312,263,303,244,275,292,330,394,160,88,68,104,30,31,81,152,411,181,158,153,220,259,272,349,447,704,1104,930,472,435,498,299
90123,2021-06-11,5,2523,양평,78,257,925,1123,394,226,218,248,272,220,301,396,634,1340,353,211,191,153,44,28,120,374,1672,582,189,189,222,235,185,271,292,484,883,585,292,302,304,161
90321,2021-06-11,7,2728,어린이대공원(세종대),105,244,702,1271,810,424,416,486,458,596,637,837,1343,1595,714,545,613,633,179,41,376,562,1987,1091,658,512,562,617,500,549,560,735,1108,796,477,446,475,288
90133,2021-06-11,5,2528,여의나루,37,89,192,314,190,159,171,219,285,303,520,650,1335,1780,748,921,813,876,279,39,319,1422,2231,929,469,463,457,464,477,492,450,563,801,540,398,260,334,157
90131,2021-06-11,5,2527,여의도,66,144,350,499,417,396,693,682,855,991,1344,1850,5414,6823,2187,1500,1513,1138,142,96,896,5679,8840,3094,1021,943,843,851,725,649,711,1023,1558,675,298,278,276,200
89921,2021-06-11,2,221,역삼,117,280,554,952,833,830,1229,1813,1904,2215,2865,3705,7441,11685,5044,2536,2947,2225,353,307,1578,5237,14200,11126,3975,2274,1859,2087,1672,1555,1599,1926,2320,1423,608,569,634,294
90213,2021-06-11,6,2612,역촌,64,201,646,683,332,199,148,146,165,163,158,146,188,221,111,64,55,51,21,9,49,103,365,154,120,159,165,157,206,203,299,334,591,534,239,244,257,159
89985,2021-06-11,3,311,연신내,927,1919,5302,6257,3042,1853,1630,1707,1583,1496,1667,1862,1827,1776,1151,875,885,974,156,63,373,895,1291,1109,1023,1148,1175,1281,1367,1897,2301,3048,4939,4724,2338,2048,2437,1269
89951,2021-06-11,2,236,2영등포구청,198,468,1640,1897,1090,775,870,879,884,921,1073,1356,2322,4544,1284,796,984,814,163,109,514,1490,5348,2223,964,807,801,905,846,908,967,1297,2215,1360,717,607,828,395
90125,2021-06-11,5,2524,5영등포구청,30,97,300,415,206,130,139,153,155,154,202,246,377,820,236,154,146,123,40,21,102,256,973,378,166,157,119,166,154,165,170,237,474,215,145,101,171,56
90127,2021-06-11,5,2525,영등포시장,86,209,840,1145,476,281,344,346,380,407,471,629,884,1402,564,369,323,311,88,33,185,571,1573,834,409,365,379,475,446,418,463,591,1129,649,316,297,432,165
90045,2021-06-11,3,342,3오금,135,285,1013,1187,529,289,223,243,241,231,185,241,450,470,201,107,105,82,21,1,85,224,515,189,129,121,149,192,166,315,334,500,788,652,302,261,479,173
90193,2021-06-11,5,2558,5오금,42,109,370,325,178,131,132,156,206,179,200,248,421,612,156,122,101,102,25,10,121,401,846,249,97,89,107,140,116,145,156,231,246,288,120,125,171,97
90121,2021-06-11,5,2522,오목교(목동운동장앞),150,532,1951,2293,1009,669,725,818,858,876,1061,1325,1781,2789,1343,1297,1053,1159,193,67,309,1154,3047,1933,991,968,929,1104,1018,1158,1390,2075,3186,1987,883,779,841,398
90011,2021-06-11,3,325,옥수,110,327,943,1211,689,491,397,414,491,457,498,583,673,751,450,340,325,293,73,34,148,339,642,370,267,306,355,444,409,511,680,935,1396,950,548,458,644,233
90369,2021-06-11,7,2752,온수(성공회대입구),261,623,1939,2542,873,405,346,427,331,322,418,565,566,607,258,184,125,146,35,32,139,473,637,352,267,209,256,271,336,393,524,892,1574,1364,659,521,662,526
90189,2021-06-11,5,2556,올림픽공원(한국체대),29,192,504,454,224,218,198,177,186,181,322,306,381,404,193,119,100,84,19,31,154,297,401,198,150,139,143,185,153,178,226,253,384,264,147,137,175,109
89895,2021-06-11,2,208,2왕십리(성동구청),266,357,969,1708,981,620,604,624,606,644,750,1045,1273,1479,848,678,987,1210,206,28,182,500,1121,653,453,467,476,519,552,630,701,1183,2124,1152,622,457,739,295
90159,2021-06-11,5,2541,5왕십리(성동구청),67,85,225,372,165,158,176,186,180,212,253,312,393,614,306,262,294,296,83,15,106,200,840,301,197,198,249,264,291,242,268,364,673,381,157,162,173,154
89967,2021-06-11,2,244,용답,103,122,326,537,273,152,110,180,149,123,128,159,175,165,104,54,61,57,21,14,37,73,181,98,94,150,110,133,122,163,196,222,429,239,132,187,231,92
89979,2021-06-11,2,250,용두(동대문구청),46,57,191,342,163,128,109,127,127,122,146,189,207,229,106,42,57,22,15,8,35,85,262,116,123,112,86,128,136,165,168,180,272,176,89,108,86,62
90315,2021-06-11,7,2725,용마산(용마폭포공원),179,379,1021,1225,580,315,223,231,200,209,207,248,283,305,212,102,96,84,23,22,63,163,410,165,157,169,174,205,204,263,358,414,819,666,404,356,461,251
90111,2021-06-11,5,2517,우장산,227,787,2221,2155,971,659,596,643,601,594,894,996,925,803,477,349,282,262,43,25,173,703,1046,525,440,494,443,577,610,755,896,1063,1967,1507,893,730,902,448
90271,2021-06-11,6,2642,월곡(동덕여대),227,473,1655,1720,783,496,430,451,466,432,444,510,754,968,463,306,292,205,72,33,150,259,940,586,407,324,372,395,419,515,775,856,1427,1327,601,559,688,351
90227,2021-06-11,6,2620,월드컵경기장(성산),43,96,341,413,226,175,245,226,234,264,369,526,525,616,261,174,144,148,41,46,115,230,450,362,317,308,286,373,402,342,278,337,516,341,169,145,144,79
89885,2021-06-11,2,203,2을지로3가,29,74,191,312,358,387,497,598,757,867,1007,1404,3205,5146,1883,977,1490,1848,241,64,687,2545,6163,2635,981,808,726,818,721,681,751,957,1437,773,284,202,210,85
90003,2021-06-11,3,320,3을지로3가,21,38,79,109,135,187,239,262,385,476,529,686,1569,2592,977,571,667,791,90,36,344,1316,3032,1293,557,457,441,391,352,378,372,604,745,398,130,75,93,50
89887,2021-06-11,2,204,2을지로4가,34,51,101,242,225,331,396,477,575,629,895,939,2149,2946,1131,573,482,481,106,49,504,1347,3285,1657,802,700,579,555,566,527,492,525,527,302,134,110,134,66
90149,2021-06-11,5,2536,5을지로4가,10,20,31,60,82,111,175,195,249,285,348,382,879,1482,589,303,254,293,47,19,219,704,1927,753,382,346,288,277,238,222,191,236,226,127,43,51,49,21
89883,2021-06-11,2,202,을지로입구,68,95,302,523,499,612,940,1136,1543,1642,2010,2397,5658,9809,3306,2720,1879,1639,279,99,1017,4750,11838,5216,2096,1787,1436,1320,1199,1014,1163,1367,1884,804,388,358,409,236
90211,2021-06-11,6,2611,응암,390,964,2907,3562,1534,799,662,735,744,625,696,707,837,851,462,356,315,329,65,43,179,352,758,446,373,469,553,524,676,811,1052,1557,2727,2258,1292,1028,1282,706
89961,2021-06-11,2,241,이대,100,281,919,1199,638,397,507,603,625,620,780,959,1305,1137,778,537,588,500,147,35,283,470,1310,1116,729,564,704,828,604,621,638,852,1317,990,473,475,640,343
90341,2021-06-11,7,2738,이수,147,321,1088,1657,1007,595,564,632,703,650,738,949,1166,1751,895,809,965,1048,161,39,328,555,1740,1051,605,598,600,645,666,711,942,1232,2179,1350,662,541,634,355
90089,2021-06-11,4,430,이촌(국립중앙박물관),38,189,537,657,419,279,263,312,340,320,458,630,804,925,369,238,294,234,46,28,242,619,1058,552,359,330,359,390,359,417,454,596,790,543,281,309,299,136
90249,2021-06-11,6,2631,이태원,59,163,350,533,348,207,276,399,419,413,474,750,896,1013,690,551,916,1310,211,42,254,392,1040,802,438,481,486,488,482,506,674,847,1285,1123,485,310,363,215
90037,2021-06-11,3,338,일원,74,333,880,847,517,488,553,513,454,670,721,1125,1415,676,335,205,160,137,44,57,359,1290,1076,660,523,406,484,559,469,470,389,485,688,561,384,369,409,169
89911,2021-06-11,2,216,2잠실(송파구청),396,1807,4809,6130,3827,2395,2200,2510,2581,2764,2848,3898,5852,7464,3984,3618,3163,3517,633,172,1364,2693,5930,4325,2555,2567,2665,2689,2716,3068,3564,5668,8704,5492,2781,2649,3522,1227
90397,2021-06-11,8,2815,8잠실(송파구청),51,161,416,487,307,296,414,442,501,628,736,916,1496,2182,1047,948,971,1114,187,74,347,1136,2881,1309,792,693,733,673,712,827,758,1201,1690,926,396,237,325,136
89909,2021-06-11,2,215,잠실나루,108,433,1536,1850,961,768,698,634,620,692,905,1027,1324,1303,579,382,251,278,61,63,390,979,1492,904,593,528,665,656,637,605,743,979,1514,1100,528,591,714,274
89913,2021-06-11,2,217,잠실새내,152,594,2110,2851,1570,849,822,813,885,842,902,1280,1329,1542,1076,884,1035,1195,232,45,307,636,1002,1017,769,769,854,923,1106,1209,1378,2115,3431,2177,1025,861,1128,463
90017,2021-06-11,3,328,잠원,41,170,464,620,320,224,200,244,253,231,229,352,453,384,255,161,193,139,32,25,165,299,442,239,180,187,209,219,227,241,248,383,572,387,216,209,264,108
90349,2021-06-11,7,2742,장승배기,224,413,1176,1729,867,488,431,422,405,346,419,455,529,621,324,242,233,210,63,31,137,326,741,364,315,312,283,346,380,482,577,765,1248,982,486,480,570,309
90287,2021-06-11,7,2711,장암,52,241,660,453,130,57,66,57,63,51,72,97,88,99,66,30,26,23,4,2,51,49,42,34,46,37,60,55,47,58,54,55,128,131,71,27,29,16
90407,2021-06-11,8,2820,장지,213,660,1849,2196,1056,587,510,595,540,614,792,1001,1386,2016,990,585,700,569,111,80,346,884,2014,1103,610,576,698,651,637,833,1059,1163,1906,1250,660,534,714,321
90165,2021-06-11,5,2544,장한평,223,658,2129,2877,1255,669,572,688,724,670,731,943,1492,2440,920,546,424,475,115,37,411,959,2932,1144,626,502,552,562,564,699,886,1323,2424,1687,883,783,882,446
89875,2021-06-11,1,157,제기동,192,292,845,1213,738,817,1048,1188,1258,1431,1401,1367,1496,1496,718,419,320,301,91,77,308,698,1669,1304,1171,1320,1240,1282,1512,1264,1022,890,1042,688,424,327,460,236
89865,2021-06-11,1,152,종각,89,103,209,327,459,564,896,1036,1245,1510,1882,2429,4883,7421,2708,2081,2805,2415,350,174,878,3831,8953,5306,1787,1532,1323,1398,1063,1047,1009,1318,1946,865,303,180,152,72
89867,2021-06-11,1,153,1종로3가,95,94,190,283,377,593,1060,1295,1552,1642,1950,2066,2568,3711,2134,1447,1926,2026,321,129,447,994,2844,2872,2006,1914,1933,1822,1603,1398,1234,1203,1471,754,262,201,182,139
90001,2021-06-11,3,319,3종로3가,20,39,65,66,131,178,308,379,387,458,627,701,1193,2117,1157,590,739,689,86,42,229,620,1871,1855,1081,790,718,596,626,653,506,634,676,412,136,89,92,64
90147,2021-06-11,5,2535,5종로3가,31,55,97,176,137,182,300,401,521,671,655,896,1392,1939,976,774,1377,1340,158,21,219,559,1717,1272,889,762,747,739,656,642,699,805,1288,704,235,134,151,79
89869,2021-06-11,1,154,종로5가,49,98,164,288,432,654,982,1117,1354,1577,1778,2108,2791,3905,1694,1069,1078,847,139,156,599,1473,4304,2308,1736,1611,1430,1362,1512,1304,1100,971,1102,601,201,150,167,79
89915,2021-06-11,2,218,종합운동장,59,219,655,913,580,335,311,302,299,276,426,554,639,710,336,246,745,799,81,34,211,512,957,353,253,253,283,320,348,435,574,995,1494,712,379,328,459,183
90297,2021-06-11,7,2716,중계,316,868,2487,2469,1169,757,646,712,612,590,633,726,767,683,307,212,247,193,63,73,160,640,980,473,339,310,496,475,511,634,664,932,1772,1545,861,745,841,540
90317,2021-06-11,7,2726,중곡,190,461,1275,1846,951,485,382,367,375,395,363,691,607,532,370,210,194,195,48,21,152,425,744,364,235,262,300,340,356,475,481,741,1206,968,583,465,579,359
90307,2021-06-11,7,2721,중화,303,569,1513,1907,937,490,401,503,397,432,432,513,656,771,421,238,257,199,57,25,144,274,886,405,292,295,357,381,448,502,651,841,1355,1347,657,575,750,384
90223,2021-06-11,6,2618,증산(명지대앞),263,560,1714,1906,928,516,371,385,400,382,369,416,471,520,295,169,153,153,53,27,117,186,413,235,214,248,312,354,352,461,623,814,1534,1247,647,669,755,365
89981,2021-06-11,3,309,지축,76,288,785,794,287,206,142,145,139,141,176,234,255,171,77,52,42,37,18,25,133,124,134,62,69,82,117,105,136,154,199,394,603,487,315,231,338,102
90053,2021-06-11,4,412,창동,603,1486,3715,3285,1806,1264,1141,1139,1160,1130,1176,1384,1543,1608,1020,664,738,643,157,97,417,766,1461,1025,909,941,1091,1119,1275,1552,1701,2417,3734,3053,1718,1430,1540,992
90263,2021-06-11,6,2638,창신,93,196,589,666,316,146,118,144,127,134,131,265,192,177,87,65,83,55,29,14,63,265,244,128,91,72,100,122,110,108,149,211,349,234,139,173,196,106
90367,2021-06-11,7,2751,천왕,255,678,2085,2564,1128,516,422,389,454,451,405,517,526,560,299,190,155,131,44,41,180,347,586,283,231,258,338,358,418,493,754,893,1870,1488,754,688,719,361
90173,2021-06-11,5,2548,5천호(풍납토성),230,389,1088,1369,644,641,707,852,801,899,1004,1224,1697,1801,1304,1230,1052,1030,193,47,416,678,1494,1159,791,820,796,863,888,1048,1165,1508,2277,1701,706,632,672,365
90391,2021-06-11,8,2812,8천호(풍납토성),384,589,1649,2204,1145,599,545,575,630,597,662,704,986,1091,677,608,518,460,107,70,358,500,1085,752,593,582,649,727,708,992,1094,1590,2909,1943,875,764,874,514
90363,2021-06-11,7,2749,철산,350,1009,3282,3546,1584,903,777,842,776,783,821,1008,1366,1425,770,622,767,841,177,178,344,654,1336,930,650,663,751,787,842,1024,1199,2170,3818,2881,1271,1066,1189,752
90153,2021-06-11,5,2538,청구,54,109,278,399,231,173,173,152,180,194,151,256,297,532,290,162,132,141,52,8,68,157,633,232,151,117,129,138,155,155,166,261,383,263,177,155,178,94
90257,2021-06-11,6,2635,청구,59,108,283,399,216,139,122,125,142,133,142,228,286,549,319,184,167,127,42,25,74,290,1051,420,182,136,111,141,136,169,163,225,259,208,128,141,142,85
90327,2021-06-11,7,2731,청담,72,215,368,469,385,378,435,507,601,754,1028,1457,2394,4435,2031,1121,1027,1003,160,128,1044,2319,6058,3742,1442,751,675,705,634,631,587,644,777,510,291,281,219,169
89877,2021-06-11,1,158,청량리(서울시립대입구),357,536,1447,1685,1082,984,1018,1209,1277,1335,1424,1674,1776,1628,868,612,536,354,98,166,695,648,1368,1116,1136,1271,1275,1334,1595,1398,1361,1377,1849,1224,675,659,700,298
90093,2021-06-11,4,432,총신대입구(이수),239,613,1846,2329,1208,842,864,848,886,909,979,1145,1322,1649,992,797,802,825,120,36,336,725,1676,1241,796,842,820,996,986,1201,1424,1897,3056,1974,940,770,888,378
90375,2021-06-11,7,2755,춘의,185,356,969,976,494,277,253,295,323,309,312,442,1163,1855,658,369,283,173,55,52,242,1186,2212,708,253,229,250,292,239,281,320,460,733,694,380,384,374,223
90075,2021-06-11,4,423,4충무로,90,162,334,454,463,475,669,821,925,1136,1305,1752,3383,5979,2488,1401,1770,1608,260,112,732,2195,7496,3823,1650,1278,1129,1140,921,882,899,1112,1419,764,325,301,377,178
89965,2021-06-11,2,243,2충정로(경기대입구),106,256,617,881,549,395,365,395,388,460,572,604,1076,2020,509,290,308,313,65,31,210,836,2547,1090,477,366,352,399,305,367,434,536,808,562,248,307,435,170
90141,2021-06-11,5,2532,5충정로(경기대입구),39,83,262,356,172,127,156,156,193,211,191,245,571,1252,271,181,172,148,29,8,62,378,1373,644,170,151,138,163,119,139,152,208,325,196,139,143,205,75
90279,2021-06-11,6,2646,6태릉입구,157,259,752,814,386,236,220,254,234,260,265,252,361,357,209,125,144,130,46,22,89,153,301,234,141,212,229,259,259,280,369,458,919,651,341,317,410,282
90303,2021-06-11,7,2719,7태릉입구,226,282,843,1008,563,375,342,372,379,395,446,532,696,651,450,260,272,258,87,42,174,308,666,413,270,255,309,355,341,398,466,644,948,788,407,384,469,354
90299,2021-06-11,7,2717,하계,290,921,2858,2843,1327,837,749,795,722,743,916,1035,992,880,494,336,385,345,92,40,235,654,968,672,457,497,638,645,697,827,860,1296,2075,2027,1062,928,1135,589
90209,2021-06-11,5,2566,하남검단산,103,267,722,568,288,212,185,205,199,218,211,271,377,345,178,136,145,87,13,3,63,156,271,160,167,188,213,198,164,297,284,377,468,544,272,209,221,195
90207,2021-06-11,5,2565,하남시청(덕풍·신장),111,302,765,589,329,248,240,229,225,205,237,267,355,428,213,137,115,109,16,7,78,148,359,180,184,181,157,183,173,340,368,429,608,617,312,234,277,253
90205,2021-06-11,5,2564,하남풍산,62,195,453,440,210,159,122,113,145,145,191,270,381,531,165,135,143,102,24,1,45,199,622,270,232,128,153,158,107,189,216,253,432,361,202,186,193,143
90331,2021-06-11,7,2733,학동,52,155,329,406,389,355,475,644,689,903,1130,1460,3030,6953,2940,1188,1189,1127,207,136,898,2096,7975,5697,1738,845,702,742,625,553,601,692,758,493,242,213,246,99
90033,2021-06-11,3,336,학여울,17,73,160,152,100,89,115,141,129,156,222,271,305,252,126,48,79,41,12,11,56,150,311,263,157,149,132,164,194,149,130,124,153,116,69,62,67,34
90251,2021-06-11,6,2632,한강진,16,46,115,203,181,130,199,180,219,285,364,568,899,1239,714,534,705,1268,83,24,253,767,1447,1028,501,476,357,396,346,427,430,673,1045,577,105,82,135,74
90067,2021-06-11,4,419,한성대입구(삼선교),245,487,1228,1562,884,574,568,669,670,640,855,1031,1161,1196,693,484,549,510,106,32,223,710,1306,773,550,484,599,592,681,570,863,996,1486,1125,567,584,767,463
89897,2021-06-11,2,209,한양대,41,79,188,311,199,195,263,349,384,467,536,696,1251,1253,498,340,436,344,150,13,191,357,1606,1218,777,477,622,645,500,318,304,285,380,199,139,148,206,105
89955,2021-06-11,2,238,2합정,236,696,1741,2163,1349,839,808,939,1181,1212,1223,1729,2465,4234,2391,1729,2419,3086,482,99,528,1264,3710,3069,1464,1340,1299,1517,1414,1459,1874,2627,5085,2961,1174,942,1156,568
90233,2021-06-11,6,2623,6합정,105,207,542,799,511,361,392,414,543,560,601,721,1157,1711,989,783,1221,1355,244,32,248,646,1736,1062,558,512,482,599,558,617,684,1031,1746,1018,397,365,473,224
90157,2021-06-11,5,2540,행당,146,421,1311,1791,688,414,342,334,311,279,312,331,389,407,249,170,145,184,32,21,99,201,377,211,184,194,271,277,332,410,460,572,1290,757,403,424,509,215
90069,2021-06-11,4,420,혜화,93,246,655,825,889,1081,1160,1110,1197,1487,2121,2451,3266,4047,1809,1459,2691,2923,383,99,802,1925,4723,2911,1759,1248,1469,1896,1682,1238,1483,1722,2775,2057,568,573,604,315
89957,2021-06-11,2,239,홍대입구,368,772,2304,2915,1620,1212,1376,1612,1886,2094,2495,3068,4070,5379,3720,3615,5436,6510,991,97,468,1397,3934,3975,2543,2270,2683,2967,3061,3158,3822,5325,8130,5174,2157,1324,1793,1056
89991,2021-06-11,3,314,홍제,343,832,2434,2748,1421,955,807,829,762,730,746,861,1029,1022,532,373,304,251,74,59,316,436,929,599,526,516,546,631,639,768,1119,1395,2268,1803,954,876,949,466
90113,2021-06-11,5,2518,화곡,796,1463,4721,5703,2444,1364,1160,1195,1115,1044,973,1206,1478,1418,842,581,534,432,115,60,357,622,1123,867,586,678,751,908,996,1277,1624,2261,4447,3553,1816,1722,1891,1013
90281,2021-06-11,6,2647,화랑대(서울여대입구),207,844,2523,2114,900,475,426,413,421,386,439,532,551,485,295,171,129,136,40,25,110,288,546,294,230,206,260,308,289,406,472,789,1396,1230,608,552,633,406
90079,2021-06-11,4,425,회현(남대문시장),64,109,181,275,332,473,809,1077,1263,1690,1943,2486,3558,4498,1549,1413,672,417,95,31,706,1983,5357,3668,2261,2171,1620,1454,1382,1090,833,663,614,352,154,187,172,77
90243,2021-06-11,6,2628,효창공원앞,78,179,640,955,494,304,287,268,269,298,335,390,546,962,375,207,189,193,39,16,115,248,941,481,212,241,237,253,255,235,337,455,716,473,252,244,330,163
