date,line,station,ridepan_n,offpan_n,ele_n,lift_n,trans_n,5h30m,6h,6h30m,7h,7h30m,8h,8h30m,9h,9h30m,10h,10h30m,11h,11h30m,12h,12h30m,13h,13h30m,14h,14h30m,15h,15h30m,16h,16h30m,17h,17h30m,18h,18h30m,19h,19h30m,20h,20h30m,21h,21h30m,22h,22h30m,23h,23h30m,24h,24h30m,finedust,co2,hcho,co,culture_,lift_,meeting_,transspace_,biycle_,ele_,trainreserve_,issuer_,kiosk_,nursing_,address,temp,wind,rain,popluation,cluster
20220511,3,가락시장,9795,9712,3,,27085,10.5,17,18,20.5,34.2,39.5,27.5,18.4,14,12,13.6,12.9,12.1,15.4,12.3,12,10.7,12.8,12,11.6,9.9,13.1,14.6,17.6,17.2,21.6,14.8,9.7,6.9,6,6.5,6,6.1,6.7,5.5,4.4,3.2,1.5,1.5,96.3,476,10.1,0.5,N,N,Y,N,Y,Y,N,N,N,Y,서울특별시 종로구,23.2,3.3,1,153684,1
20220511,8,가락시장,8187,9157,3,,27085,22.1,23.5,31.9,45.2,69.8,106.3,85.9,78.6,69.2,47.4,51.1,46.4,42.5,42.4,49.8,45.9,49.1,40.8,45.8,53.7,56.6,63.4,66.5,86.6,86.7,128,112.4,72.5,57.4,54.1,44.1,48.3,45,46.9,39.6,29,19.2,12.7,3,83.8,649,8.6,1,N,N,N,N,Y,Y,N,N,N,N,서울특별시 종로구,23.2,3.3,1,153684,1
20220511,7,가산디지털단지,48308,48771,3,,71425,51.3,34.9,39.4,60,80.3,102.6,91.3,71.9,65.9,49.3,38.5,38.4,36.6,34,37.6,35,34.9,31.3,31.7,29.5,32.7,33.5,37.3,46.7,44.5,57.3,51.2,41.6,33.1,27.1,25.5,26.8,23.5,24.2,21.1,21.4,14.4,11.4,7.1,79.1,560,19.7,1,N,Y,N,N,N,Y,N,N,N,N,서울특별시 중구 ,20.9,1.8,1,131450,0
20220511,2,강남,88738,88348,2,1,63594,28.7,18.5,20.4,23.6,37.2,52,46.1,35.6,33.5,31,32.8,34.6,44.8,49.2,48.3,54.8,59.9,56.1,61.1,81.9,79.8,88.9,86,118.2,105.7,130.3,125.4,96.8,74,63,66.3,83.3,89.4,108.8,81.4,57.3,32.2,29.8,17.1,78.2,736,24.3,1,N,N,N,N,N,Y,N,N,N,N,서울특별시 중구 ,20.9,1.8,1,131450,4
20220511,7,강남구청,17695,19647,2,,50526,12.7,30.9,21.4,20.6,30.6,43.6,33.7,25.3,30.9,33.3,27.1,25.1,27.7,25.6,28,33,27.8,31.5,32.5,39.2,39.9,44.3,50.2,64.1,64.4,87.6,94.9,71.5,52.9,59.1,57.4,55.6,54,58.1,53.8,39.2,34.7,23.3,12,72.1,633,14.8,1,N,Y,N,N,N,Y,N,N,N,N,서울특별시 동대문구,23,3.8,1,352592,0
20220511,5,강동,19888,19166,4,,4605,16.9,21.3,30.6,40.3,59.4,70,58.7,62.5,44.6,40.9,30.1,34.9,26.4,33.6,26.9,33.2,25,28,22.6,28,23.9,33.7,32.1,46.9,30.8,34.6,33.1,28.5,21.1,18.8,15.4,18,16.4,19.6,15.5,16,10.3,3,2.6,,,,,N,N,N,N,Y,Y,N,N,N,N,서울특별시 동대문구,23,3.8,1,352592,3
20220511,8,강동구청,11381,11506,4,1,,8.6,13.9,12.4,14.5,18.9,27.7,25.5,24.7,24.1,21.6,21.7,22.5,20,21.6,24.1,27.3,28.4,24.4,31.6,38.5,35.7,42.8,52.6,64.6,63.2,79.4,104.3,77.5,53.4,51.5,43.8,53.9,40.4,50,44.2,35.4,22.1,20.2,8.6,71.5,602,8.4,1,N,N,N,N,Y,Y,N,Y,N,N,서울특별시 종로구,23.2,3.3,1,153684,1
20220511,2,강변(동서울터미널),31903,29489,,,,16.9,18.6,17.7,27.7,41,73.3,61,47.8,44.4,31.2,29.5,34.2,32,29.8,37.4,34.5,35.6,33,36.3,35.7,36.6,34.4,39.8,37.1,35.8,40.3,47.5,35,23.1,22.2,22.4,27.9,26.8,29.7,27.7,21.8,16.6,16.5,12.3,,,,,N,N,N,N,N,Y,N,N,N,Y,서울특별시 종로구,23.2,3.3,1,153684,2
20220511,5,강일,4742,4366,3,,,16.7,15.1,19,28.1,42.7,45.3,40.9,39.1,27.6,22.7,21.1,18.5,17.4,20.9,19.4,19.2,16.8,15.2,14.6,17.2,16,20.9,26.7,23.8,16.4,22.5,17.8,15.5,11.1,9.7,9.7,10.8,8.5,9.3,6.9,7,2.8,0,1.7,,,,,N,N,N,N,N,Y,N,N,N,N,서울특별시 종로구,23.2,3.3,1,153684,1
20220511,5,개롱,7168,7291,1,1,,2.8,1.6,1.3,1.2,2.6,4.8,2.9,1.2,1.4,1.3,1.6,1.5,1.8,1.8,2.3,2.4,2.4,2.5,2.7,2.9,3.3,3.4,4.1,4.2,4.9,5.6,5.8,4.5,3.4,3.6,4.2,3.9,4.1,4.3,4.2,3.6,2.6,2.3,1.6,68.2,616,8.9,0.9,N,Y,N,N,N,Y,Y,N,N,N,서울특별시 동대문구,23,3.8,1,352592,1
20220511,5,개화산,6199,5808,1,,,10.8,7.3,10.7,14.2,22.4,22.7,19.8,14.1,13.4,10.1,10.8,8,8.9,9.2,9.9,8.1,8.8,7,6.7,7.2,8.1,8.8,13,11.8,8.3,10.7,8.4,5.7,4.6,3.5,4.4,4.2,3.3,3.2,2.7,2.4,1.2,0,0.8,65.6,433,9.3,0.9,N,N,N,N,N,Y,N,Y,N,Y,서울특별시 강남구,23.7,1.9,1,537338,1
20220511,5,거여,11490,10813,1,,,9.1,13.1,22.7,31.2,43.4,45.8,39.4,38.5,28.8,22,20.3,19.1,16.8,18.7,17.9,17,16,16.8,16.5,18.5,19.2,24.9,26.8,28.3,18.8,17.2,14.4,12.9,9.5,8.2,7,8,5.8,9.1,6.6,6.4,4.3,1.6,0,77,669,12.9,1.2,N,N,N,N,Y,Y,N,N,N,Y,서울특별시 광진구,23.7,2.4,1,353110,1
20220511,2,건대입구,38038,40676,3,1,,12.1,16.8,16.1,20.6,31.1,58.8,47,37.9,35.4,24.6,27.1,32.5,31.4,29.2,34.5,38,32.7,37.3,39.8,36.3,44.4,40.7,42.9,39.8,43,45.8,59.6,38.9,29.6,25.1,27.7,33.9,34.9,34.5,36.6,26.1,23.2,21.8,12.3,,,,,N,N,Y,N,Y,Y,N,Y,N,N,서울특별시 광진구,23.7,2.4,1,353110,2
20220511,7,건대입구,13712,14777,3,1,,13.5,25.8,20.8,20.1,22.8,32.7,22.5,17.8,22.7,30,25.9,27.1,29.9,26.2,30.7,34.1,33.8,33,40.2,47.3,52.9,55.1,64.4,80.1,83.8,99.5,132,91.5,76.5,75.9,79.5,80.1,76.4,81,79,60.6,52.1,41.3,11.8,64.6,754,15.1,1,N,N,Y,N,Y,Y,N,N,N,N,서울특별시 서초구,23.3,1.7,1,413677,1
20220511,3,경복궁(정부서울청사),30739,32197,1,,,18,12.1,9.3,12.6,14.1,16.3,13.4,15.1,14.9,14.6,16.9,21.3,23.7,29.3,36.5,36.2,30.9,33.8,43.8,55.7,61.7,53.4,54.5,71.1,85.2,103.8,113.3,86.4,71.2,63.5,54.4,58.6,52,64.4,56.1,45.1,33.4,23.4,12.1,88.4,544,16.8,1,N,N,Y,Y,Y,Y,N,N,N,N,서울특별시 구로구,21.9,2.1,1,419984,0
20220511,3,경찰병원,8052,8064,2,,,7.2,11.8,11.9,15.5,23.8,28.7,18.5,11.6,10,7.7,8.9,8.5,8.2,10.4,7.7,8,7.2,8,8.3,7.4,6.1,8.7,8.7,11.1,11.2,13.5,8.5,5.3,3.7,3.6,3.3,3.3,3.4,3.8,3.2,2,1.7,0.9,0,70.7,417,11.9,0.5,N,N,Y,N,Y,Y,N,Y,N,N,서울특별시 광진구,23.7,2.4,1,353110,1
20220511,5,고덕,10928,10706,2,,,12.2,20.3,17.5,37,51.9,58.4,35.6,25.6,25.8,21.9,20.8,23.1,22.5,23,25.5,28.9,28.6,27.2,28.3,30.6,33.9,37.1,42.9,55.2,65.7,78.3,68.5,41.2,38,36.3,33.7,36.2,39,41.3,36.4,28.4,23,17.7,6.3,80.3,631,6.3,1,N,N,Y,N,N,Y,N,Y,N,N,서울특별시 관악구,20.5,2.3,1,500336,1
20220511,6,고려대(종암),9556,9233,2,,,16.9,18,21.9,35.2,60.2,85.1,69.2,65.3,39.7,33.9,27.8,23.2,23.4,24.1,23.5,24.2,24.3,21.7,18.9,24.6,21.2,22.5,25.7,26.8,28.5,32.2,24.3,19.8,18.2,14.8,13.6,16,19.4,16,15.1,10.4,7.8,6,2.7,64.1,472,16.2,0.8,N,N,Y,N,N,Y,N,Y,N,N,서울특별시 영등포,22.7,2.1,1,400241,1
20220511,3,고속터미널,41975,39582,3,,169165,6.9,9.6,14,24.1,35.8,57.9,57.7,59,50.1,43.3,46.1,57.8,51.6,64,60.3,52.4,54.5,55,67.5,72.1,56.5,52.3,63.8,71.6,77.7,93.7,99.7,75.5,60.4,43.5,41.6,43.1,38.2,46.9,39.3,27.8,22.2,16.2,5.6,79.1,684,14.6,0.9,N,N,Y,N,Y,Y,N,N,N,Y,서울특별시 구로구,21.9,2.1,1,419984,4
20220511,7,고속터미널,16123,14221,3,,169165,19.3,38.6,29.5,34.4,55.1,79.2,73.2,65.3,62.7,47.4,37.3,32.1,32.1,28.2,33.7,32.1,34.5,31.6,31.7,34.4,33,35,43,46.5,45.7,50.7,53.1,40.4,36.8,39.1,35.5,35.2,32.5,35.9,30.3,26.7,21.2,13.9,7.9,67.6,728,18.5,1.2,N,N,N,N,Y,Y,N,N,N,N,서울특별시 구로구,21.9,2.1,1,419984,0
20220511,5,공덕,16059,17206,3,,66132,24.2,21.8,31,46.6,62.3,82,62.4,67.9,60.9,45.4,38.9,38.7,33.8,37,35,36.9,31.7,30,29.4,31,31.6,36.5,42,51.7,40.9,46.6,46.1,45.5,36,29.4,25.8,28.9,26.4,28.5,25.2,23.4,14.6,9,3.7,83.1,557,9.7,1.1,N,N,N,N,Y,Y,N,N,Y,N,서울특별시 중구 ,20.9,1.8,1,131450,1
20220511,6,공덕,20423,19996,3,,66132,4.2,5.8,6.7,7.9,11.4,24.6,23,19.2,29.8,20.3,16.7,16.3,17.3,16.5,19.7,19.3,20.5,18.9,20.5,21.4,23,26.1,28.1,32.9,36.6,57.7,52.7,47.5,36,29.2,28.6,30.5,29.3,36.9,29.6,27.8,14.1,11.9,5.7,116.2,498,12.9,0.9,N,N,Y,N,Y,Y,N,N,N,N,서울특별시 성동구,23.6,3,1,291609,3
20220511,7,공릉(서울과학기술대),13917,13746,1,,,13.7,17.9,18.4,19.2,26,28.7,22.1,15.8,16,15.3,21.8,19.5,20.4,24.8,23.4,25,25.1,25,25.8,29.9,35.5,37.5,43.9,50.9,65,61,68.8,60.9,43.1,37.8,45.6,44.2,44.4,42.7,46.6,35.5,28.5,19.5,17.7,69.4,635,9.3,1.1,N,N,Y,N,Y,Y,N,N,N,N,서울특별시 영등포,22.7,2.1,1,400241,3
20220511,5,광나루(장신대),14847,13491,2,,,13.6,19.1,19.2,31.5,44.6,56.6,38.4,27.7,28.7,22,20,23.1,22.2,21.6,23.3,28.1,27.3,26.5,27.6,29,30,34.7,37.1,46.5,57.9,63,52.4,35.2,35.3,31.2,29.9,32.4,35,35.6,32.7,24.2,20.4,16.5,4.9,73.9,554,11.9,0.9,N,N,Y,N,Y,Y,N,N,N,N,서울특별시 서초구,23.3,1.7,1,413677,3
20220511,7,광명사거리,23354,22848,,,,53.5,36.4,45.1,58.4,92.6,128,119.4,93.7,74.2,46.9,39,36.9,29.2,36.9,30.9,34.9,27.7,29.9,23.9,26.4,24.2,30.2,30.5,32.5,30.5,25.5,28.4,23.1,19.4,17.3,15.7,17.9,17.4,13.3,17.5,14.4,8.7,6.4,6.2,72.2,570,17.2,1.3,N,N,Y,N,N,Y,N,Y,N,N,서울특별시 관악구,20.5,2.3,1,500336,3
20220511,5,광화문(세종문화회관),34286,36324,,,,22.1,21,30.4,47.8,61.1,80.6,62.5,64.6,54.4,41.2,35.9,35.6,30.6,32.6,31.1,34.3,28.9,28.3,25.9,27.4,26,29.9,34.4,40.7,30.4,32.8,32.3,30.8,26,20.7,18.5,20,20.3,21.3,18.5,17.5,14.9,6.6,4.6,80.4,516,15.6,1.1,Y,N,Y,N,Y,Y,N,N,N,N,서울특별시 동작구,22.9,2.6,1,394649,0
20220511,6,광흥창(서강),10120,9644,1,,,4.5,5.9,6.6,7.3,9.8,21.7,17.4,16,25.1,14.7,16.4,15.4,16.5,17.1,18.6,18.8,20.6,19,20.1,22,25.2,25.7,29.6,30.6,36.4,54.5,55.5,45.3,36,29.2,29.5,26.7,32.3,33.6,28.8,26.4,17.5,11.9,7.5,89.5,489,10,1.2,N,Y,N,N,Y,Y,N,Y,Y,Y,서울특별시 강남구,23.7,1.9,1,537338,1
20220511,2,교대(법원.검찰청),37436,42960,2,,124712,26.7,18.9,19.6,23.9,36.6,49.8,45.4,34.6,30.4,30.6,30.4,29.9,42.7,43.3,46.1,50.8,53.4,51.9,60.7,73.4,78.7,82.8,82.8,110.3,112.1,129.1,128.5,102.6,79.3,66.1,70.4,88,96.1,116.6,90.8,64.5,36,32.4,19.3,83.4,639,17.8,0.6,N,Y,Y,N,Y,Y,N,N,N,N,서울특별시 성동구,23.6,3,1,291609,0
20220511,3,교대(법원.검찰청),16504,10607,2,,124712,7.8,10.7,19.9,29.9,43.9,66.8,57.9,53.9,49.7,44.8,51,62.3,58.2,71.5,65.6,56.9,58.5,60.7,82.1,75.1,66.3,62.3,77.1,87.4,93.2,119.8,124.4,96.6,68,50.4,47.6,53.6,45.9,57.9,46.3,36.2,22.6,19,6.4,90.9,621,6.8,0.9,N,N,Y,N,Y,Y,N,Y,N,N,서울특별시 관악구,20.5,2.3,1,500336,0
20220511,2,구로디지털단지,63856,63572,3,,,68.8,32.7,28.9,42.2,56.6,87.7,60.7,48.1,34.5,28.2,27.9,29.2,31.5,39.1,45,46.7,42.4,46.2,44.5,47.3,57.1,60.7,61.1,76.9,78.8,79.8,92.4,63.5,47.7,36.1,38.1,44.3,52.8,62,53.9,41.3,25.1,13.5,12.5,,,,,N,N,Y,N,Y,Y,N,N,N,N,서울특별시 서초구,23.3,1.7,1,413677,2
20220511,6,구산,8273,6017,1,,,0,0,0,0,0,0,0,0,0,0,0,0,0,0,0,0,0,0,0,0,0,0,0,0,0,0,0,0,0,0,0,0,0,0,0,0,0,0,0,76.6,486,12.8,1,Y,N,N,N,N,Y,N,Y,N,N,서울특별시 강남구,23.7,1.9,1,537338,1
20220511,2,구의(광진구청),25235,24687,1,,,15.7,19.1,15.9,22.5,34.7,62.6,52.9,41.4,38.6,27.9,27.4,30.8,31.6,30.9,34,37.8,32.2,36.5,38.3,34.6,41.8,38.7,40.2,35.5,41.2,42.3,54.6,34.5,26.2,22.5,24.6,30.5,31,30.7,32.4,23.1,18.8,18.6,11.8,,,,,N,N,Y,N,Y,Y,N,N,N,Y,서울특별시 성동구,23.6,3,1,291609,3
20220511,3,구파발,22632,21748,1,,,21.8,13.3,7.3,9.2,13.1,15.4,9.9,8.5,9.7,7.6,10.4,11.7,13.4,11.8,23.3,22.5,19.6,13.9,26.2,27.4,35.9,29.7,22.5,31.8,46.7,47.2,46.2,48.6,33.3,29.2,22.7,30.4,26.8,27.2,27.3,22.1,13.7,11.1,0.2,87.2,452,10.1,0.8,N,N,N,N,N,Y,N,N,N,N,서울특별시 중구 ,20.9,1.8,1,131450,3
20220511,5,군자(능동),12016,13463,2,,85184,19.9,21.7,36.2,50.6,69.1,78.9,66,67.7,48.4,36.2,33.5,31.7,28.8,32.2,30.3,30.4,27.1,26.2,25.3,27.1,27.6,35.8,39.2,44,27.8,26.8,23.7,20.4,15.5,14.4,11.6,14.3,12.5,16.2,10.5,10.5,7.1,2.7,0,88.5,679,13.4,1.2,N,N,N,N,Y,Y,N,N,N,N,서울특별시 성동구,23.6,3,1,291609,3
20220511,7,군자(능동),15796,12468,2,,85184,18.2,24.1,20.9,21.9,25.7,35.8,17.8,16.8,19.6,21.4,22.7,28.3,25.6,29.1,29,32.5,30.9,34.2,35.6,47.1,50.4,55.9,68.6,78.2,95.7,94.6,133.9,89.7,79,73.1,77.9,79.1,75.9,80.1,78,57,52.3,32.1,29.9,70,715,11.9,1,N,N,Y,N,N,Y,N,N,N,N,서울특별시 중구 ,20.9,1.8,1,131450,3
20220511,5,굽은다리(강동구민회관앞),10457,9955,1,,,23.9,25.1,40.5,55.3,73.6,89.1,73.1,75.7,56,44,37.3,36.6,31.7,35.4,34.8,34.7,31.3,29.8,28.2,30.4,30.2,36.6,41.2,48.7,31.2,31.3,27.5,24.1,18.1,17.1,14,16.7,14.5,18.9,12.2,12.7,8.1,2.8,0,66.9,624,9.3,0.9,N,N,Y,Y,Y,Y,N,N,N,N,서울특별시 동작구,22.9,2.6,1,394649,1
20220511,3,금호,8646,7913,2,,,9.5,7.2,10.1,18.8,28.5,47.4,50.2,37.1,35.1,31,36.3,42,43,50.7,56,48.9,43.5,45.7,58.9,65,53.7,49.1,54.4,69.1,73.5,86.4,105.8,84.8,64.4,54.5,41.6,47.3,44.6,50.2,45.6,31.4,22.8,18.2,11.4,86,472,12.2,0.7,N,N,N,Y,Y,Y,N,N,N,N,서울특별시 구로구,21.9,2.1,1,419984,1
20220511,5,길동,8491,8765,1,,,5.4,3.6,3,2.8,6,9.9,5.5,1.9,2.4,2.4,2.9,2.7,3.1,3.4,4.2,4,4.1,4.2,4.7,4.8,5.6,5.6,6.6,6.9,8.2,9.8,9.8,7.6,5.7,6,6.9,6.6,6.7,7.1,6.9,5.7,4.1,3.6,2.4,85.5,573,7.8,0.9,N,N,Y,Y,Y,Y,N,Y,N,Y,서울특별시 관악구,20.5,2.3,1,500336,1
20220511,4,길음,24247,24249,2,,,25.8,14,14,13.1,13.2,18.1,12.1,13.9,13,14,18.4,21.1,22.3,28.2,24.6,29.4,29.5,33.5,33.6,43.9,46.9,54,61.6,82.2,72.2,93.4,109,88.1,63.6,57.7,48.2,64.3,60.9,70.1,64.6,50.1,42.1,28.4,23.4,82.4,454,4.3,0.6,N,Y,N,N,Y,Y,N,N,N,Y,서울특별시 동대문구,23,3.8,1,352592,3
20220511,5,김포공항,7136,7240,3,,31098,24.8,17.7,18.2,25.1,32.4,39.9,24,14.3,15.9,14.6,16.7,15.6,17.9,18.4,19.5,19.9,23.8,21.2,22.8,23.5,27.6,29,34.8,39.1,48.8,61.6,63.3,45.3,33.2,35.9,31.6,34,31.2,36.2,35,27.2,22.6,17.4,11.4,74.8,556,18.4,0.9,N,Y,Y,N,N,Y,N,N,N,N,서울특별시 양천구,22.9,1.8,1,449378,1
20220511,5,까치산,31209,29516,1,1,30796,26.7,23.4,32,51.7,70.4,88,69.1,73.2,62.5,46,39,39.1,32.9,33.1,33.6,35.1,31.4,28.8,28.9,27,27.7,30,34.7,40.3,33.9,33.6,32.2,29.5,25.9,19.4,17.7,17.3,18.6,18.1,16.8,15.1,13.1,5,2.6,63.3,527,9.4,1.1,N,N,Y,N,N,Y,N,Y,N,Y,서울특별시 마포구,22.4,2.8,1,378629,2
20220511,2,낙성대(강감찬),29743,28704,1,,,26.3,18.5,17.8,22,29.9,46.7,35.4,31.5,21.9,24.5,27.4,23.3,37.2,38.4,39.4,46.4,47.1,48.8,54.5,64.7,68.6,79,72.3,95.8,93,107.4,117.8,99.4,71.5,57.7,61.8,77.4,88.7,106.1,88.9,69.9,37,31.3,24.9,89.9,492,7.6,1.1,N,N,Y,N,Y,Y,N,N,N,N,서울특별시 마포구,22.4,2.8,1,378629,1
20220511,7,남구로,16696,17775,,3,,64.4,37.8,40.1,54.2,81.9,92.4,71.5,70.2,60.7,48.7,38.2,37.7,36.2,34,37,34.8,34.2,31.1,31.1,29,31.7,33.3,38.1,44,43.5,60.7,51.1,42,34.9,29.2,25.6,26.6,21.6,23.8,20.3,20.8,14,11.1,6.6,66.8,570,22.8,1.3,N,N,Y,N,Y,Y,N,N,N,N,서울특별시 양천구,22.9,1.8,1,449378,2
20220511,3,남부터미널(예술의전당),31005,31618,1,,,7,8.4,16.7,29.2,39.4,63.4,52.2,49,39.8,39.4,45.5,49.2,52.3,57.9,48.4,49,40.7,49.3,58.9,57.8,49.1,48.4,60,70.6,75.4,98.7,103.6,72.1,52.1,41.8,34.7,40.6,38.2,40.1,37.6,23.3,16.6,14.1,4.5,85,487,8.9,0.9,N,N,Y,N,N,Y,N,Y,N,N,서울특별시 강남구,23.7,1.9,1,537338,3
20220511,7,남성,12273,11153,1,,,72.7,42.5,47.4,56.8,88.1,105.3,86.6,88.5,63.8,54.6,43.9,38.1,33.7,36.6,32.4,38.2,33,32.3,29.6,33.4,28.6,32.5,39.4,42.2,34.3,41.3,40,31.8,28.1,25.4,21.7,24.7,21.3,23.2,19.6,19.1,12.8,10.9,5.6,68.2,616,12.1,1,N,N,Y,Y,N,Y,N,N,N,Y,서울특별시 영등포,22.7,2.1,1,400241,0
20220511,8,남위례,5654,5858,0,,,,,,,,,,,,,,,,,,,,,,,,,,,,,,,,,,,,,,,,,,,,,,N,N,Y,N,Y,Y,N,N,N,N,서울특별시 성동구,23.6,3,1,291609,1
20220511,4,남태령,1402,1195,1,,,22.4,29.2,39.3,90.9,77.5,130.3,100.4,115.3,76.7,73.2,65.7,71.3,58.6,52.1,52.6,53.3,51.5,46.7,41.2,47,46.8,51.9,52.9,71.6,67.3,80.2,85.7,52.3,39,31.4,27.3,26,21.9,20.3,21.4,21.5,13.3,11.9,2.1,96.8,418,7.2,0.7,N,Y,N,N,Y,Y,N,N,N,N,서울특별시 성동구,23.6,3,1,291609,1
20220511,8,남한산성입구(성남법원.검찰청),16684,15537,,,,24,17.9,18.1,22.7,39.1,54,50.7,39.7,26.9,22,17.5,15,17.2,16.6,19.1,16.6,16.5,14.7,15.4,18.1,19.8,22.2,25.9,28,21.2,23.5,23.9,16.4,11.8,12.2,10.6,9.6,10.2,10.6,9.3,6.2,5.1,3.7,1.6,71.2,664,9.6,1.1,N,N,N,N,Y,Y,N,N,N,N,서울특별시 동대문구,23,3.8,1,352592,3
20220511,7,내방,16026,16625,2,,,28,55.9,42.2,58.4,81.2,110.9,92.7,92.3,74,59.6,47.2,43.4,36.9,40.5,36.6,42.5,37.3,37.7,33.5,37.2,33.2,36.6,43.8,46.1,42.6,50.3,49.6,36.2,31.8,30.3,29.2,27.7,27.5,27.5,23.9,23,19.3,12.8,4.6,61.1,603,13.7,1.1,N,N,N,N,N,Y,N,N,N,N,서울특별시 중구 ,20.9,1.8,1,131450,1
20220511,4,노원,20273,23023,5,2,31165,0,8.5,4.1,5.4,6.3,4.5,3.9,2.2,3.8,3.2,4,4.5,4.8,6.4,6.2,6.8,7.5,7.2,7.6,9.2,10.5,10.6,14.1,14.8,16.3,17.8,18,16.7,12.2,11,9.5,12,11.7,12.9,14,10,8.2,6.5,5.1,,,,,N,N,Y,N,N,Y,N,N,N,N,서울특별시 중구 ,20.9,1.8,1,131450,3
20220511,7,노원,20181,21729,5,,31165,10.2,11.4,11.4,10.7,13.4,14.6,11.2,7.9,7.8,9,11.1,12,11.8,13.6,12.9,13.7,14.3,13.2,15,17.2,20.6,21,25.9,28.1,33.9,34.5,37.5,32.3,25.1,21.6,25.7,25,26,25.7,25.4,22.6,16.4,11.6,9.4,76.5,673,10.5,1.1,N,N,N,N,N,Y,N,N,N,N,서울특별시 중구 ,20.9,1.8,1,131450,3
20220511,3,녹번,16976,15321,2,,,14.3,11.4,8.4,11.7,14.7,15.1,12,11.8,13.3,12.1,13.4,18.2,19.4,26.7,29.5,30,30.7,28.4,34.4,48.3,53.2,44,46.2,55.9,67.3,82.5,95.5,69.7,59.7,47,48,40.1,47.9,47.7,46.4,36.7,25.6,21.4,11.5,84.4,518,15.7,0.8,N,N,N,N,Y,Y,N,N,N,N,서울특별시 마포구,22.4,2.8,1,378629,3
20220511,6,녹사평(용산구청),5396,5265,1,,,7.2,10.5,10.2,14.6,26.6,39.9,31.2,29.1,29,20.7,14.7,14.5,16,17.5,16.6,17.8,19,17,17.6,20.3,25.2,21.6,28,32,32.8,44,40.3,33.4,28.3,24.7,27.6,27.5,32,34,31.4,33.5,16,14.5,7.7,92,469,10.6,1,N,Y,N,N,Y,Y,N,N,Y,Y,서울특별시 송파구,22.9,2.3,1,668261,1
20220511,7,논현,21944,23928,1,,,21.2,36.5,25.5,31.6,46.3,66.7,68.5,54,53.7,46.1,34.4,30.6,30.2,27.7,32.8,32.4,32.7,31.4,31.7,35.8,34.1,37.6,45.3,54.2,48.6,59.1,63.9,49.2,40.8,45.6,41.5,42.7,38.6,43.1,36.8,33.5,23.8,18.6,12.1,86.8,655,24.3,1.3,N,N,Y,Y,Y,Y,N,N,N,N,서울특별시 송파구,22.9,2.3,1,668261,0
20220511,8,단대오거리,12262,11647,,,,15.6,11.7,10.5,13.5,22,33.7,32.6,25.2,19.4,15.6,12.4,10.6,12.3,12,14.4,12.4,13.7,11.7,12.1,14.3,15.5,16.9,20.5,20.5,13.9,18.7,19,13.1,10.3,11,9.3,9.2,9.5,10.8,8.9,6.5,5,3.2,1.5,68.9,638,11.3,1,N,N,Y,N,Y,Y,N,N,N,N,서울특별시 송파구,22.9,2.3,1,668261,1
20220511,5,답십리,17224,15502,2,1,,17.9,21,25.9,43.1,56.9,74,58.5,46.5,44.7,32.8,27.5,27,25.4,23,24.6,24.7,25.2,21.6,20.7,20.7,21.7,21.8,25.8,30.3,30,25.9,25.3,18.9,19.3,14.6,14.2,13.6,16.1,16.1,14.5,12.5,11.5,7.7,2.3,74.5,644,13.7,1.3,N,N,Y,N,N,Y,N,N,N,N,서울특별시 송파구,22.9,2.3,1,668261,3
20220511,4,당고개,9694,8585,,,,0,0,0,0,0,0,0,0,0,0,0,0,0,0,0,0,0,0,0,0,0,0,0,0,0,0,0,0,0,0,0,0,0,0,0,0,0,0,0,,,,,N,N,Y,N,N,Y,N,Y,N,N,서울특별시 서대문구,21.7,1.5,1,317075,3
20220511,2,당산,20838,24274,5,,58973,27.4,29,28.8,41.9,67.4,104.1,97.7,69.9,57,49.8,51.8,45.7,43.5,48.7,52.6,46.4,52.3,43.5,41.8,43.5,40.1,45.4,48,49,46.9,62.1,71.4,50.6,33.7,27.2,27.6,31.7,29.4,32.9,28.2,33.8,16.8,13.2,7.8,,,,,N,N,Y,N,Y,Y,N,N,N,N,서울특별시 성동구,23.6,3,1,291609,3
20220511,2,대림(구로구청),25555,26152,3,,63574,81,53.8,33.1,42.5,64.4,96.8,70.6,55.5,39.4,27.9,34.8,31.4,34.1,41.5,48.1,48.6,43.4,47.1,44.9,46,55.6,59,59.1,73.9,70.4,77.4,89.1,57.8,43.3,35.4,33.1,39.7,45,50.5,46.9,35.2,22.2,12.1,10.8,,,,,N,N,Y,N,Y,Y,N,Y,N,N,서울특별시 마포구,22.4,2.8,1,378629,3
20220511,7,대림(구로구청),8004,8123,3,,63574,69.7,34.7,32,43.7,63.6,74.2,57.3,55.9,47.8,39.2,29.2,29.3,28.9,27.3,30.5,27.7,27.4,24.7,26,23.8,26.6,28,32,34.4,35.5,48.7,41.8,33,30,25.9,21.9,23.6,21,23.2,18.6,19.6,14,11.4,7.9,90.8,616,17.8,1.2,N,N,Y,N,Y,Y,N,N,Y,N,서울특별시 마포구,22.4,2.8,1,378629,1
20220511,3,대청,11579,10663,2,4,,7.2,6.5,12.6,19.6,31.9,44.3,31.5,23.8,19.4,17.2,19.5,18.4,20.9,22.5,20.2,19.3,15,18.1,18.9,19,17.6,18.8,23.1,25.1,24,25.4,21.8,14,9.2,8,8.5,8,8.2,7.3,7.2,5.6,4,3.7,1.7,91.2,477,7.2,0.5,N,N,N,N,N,Y,N,N,N,N,서울특별시 송파구,22.9,2.3,1,668261,1
20220511,3,대치,11516,11658,1,4,,7.5,8.5,14.6,21.6,35.6,47.5,36.6,27.3,20.9,20,20.3,22.1,21.4,25.2,23,20.6,18.7,17.9,22.1,22.3,19.7,20.2,23.9,29,26.9,28.4,26.6,16.8,12.3,9.9,10,10.1,10.4,14.6,9.5,6.7,4.2,4.4,1.7,82,526,9.2,0.4,Y,N,Y,N,Y,Y,N,N,Y,N,서울특별시 종로구,23.2,3.3,1,153684,1
20220511,6,대흥(서강대앞),9521,9863,,1,,4,5.7,6.1,7.1,11,21.8,18.8,17.7,25.8,14,15.9,15.1,15.1,15.8,19.2,17.9,20.6,18.7,19.3,20.7,23,25.9,27.2,30.3,35.2,51.6,55.1,44.5,37.9,28.7,28.4,29.9,28.4,36.1,30.6,24.6,17.2,11.3,9.2,101.3,532,10.6,1.3,N,N,N,N,N,Y,N,N,N,N,서울특별시 송파구,22.9,2.3,1,668261,1
20220511,3,도곡,5882,6121,1,3,21547,7.3,9.1,15.2,22.6,34.9,54,47.8,33.2,27.5,22.8,27.5,26.7,26.6,34.1,26.9,24.2,21.1,23.1,29.6,24.7,22.4,24.8,27.7,33.4,32.4,33.1,32.8,23.1,16.4,12,12.7,12.2,12.8,15.9,12.8,8.2,6.7,5.3,2.9,94.6,556,6.1,0.7,N,Y,N,N,N,Y,N,N,N,Y,서울특별시 서초구,23.3,1.7,1,413677,1
20220511,2,도림천,1469,1536,,,,23.8,19.2,24.4,30.2,40.2,74.1,54.8,42.5,33.3,26.4,34.6,35.8,37.6,39,44.3,47.5,40.6,49.9,47.3,49.6,54.7,49.2,65.8,57.1,72.2,87.5,80.5,58.3,35.2,29.6,32,39.5,48.5,48.4,46.5,33.7,48.9,12,9.8,74.6,438,6.8,0.5,N,Y,Y,N,Y,Y,N,N,N,N,서울특별시 서초구,23.3,1.7,1,413677,1
20220511,7,도봉산,10548,11914,3,,33489,0.3,1,0.8,0.4,0.5,0.4,0.2,0.1,0.5,0.1,0.2,0.2,0.4,0.2,0.2,0.3,0.1,0.3,0.3,0.1,0.3,0.4,0.2,0.5,0.5,0.7,0.6,0.7,0.4,0.3,0.1,0.4,0.4,0.2,0.3,0.3,0.3,0.2,0.1,,,,,N,N,Y,Y,Y,Y,N,Y,N,Y,서울특별시 은평구,20.6,5.1,0,476013,1
20220511,3,독립문,7970,8470,1,,,14.3,14.1,8.4,11.9,13.9,15.7,13,13.7,15,13.3,15,20.9,24.3,26.3,37.1,32.1,32.3,35,39.7,55.8,61.1,50.9,52.9,66.4,84.2,95.8,114,89,69.5,59.8,56.6,57.5,50.7,63.1,54.7,43.8,34,22.4,14.2,99,536,13.8,0.9,Y,N,N,N,Y,Y,N,Y,N,N,서울특별시 성동구,23.6,3,1,291609,1
20220511,6,독바위,2868,3029,1,,,0,0,0,0,0,0,0,0,0,0,0,0,0,0,0,0,0,0,0,0,0,0,0,0,0,0,0,0,0,0,0,0,0,0,0,0,0,0,0,96.5,453,12.4,0.8,N,N,Y,N,N,Y,N,N,N,N,서울특별시 서초구,23.3,1.7,1,413677,1
20220511,6,돌곶이,10222,9545,1,,,16.2,16,19.9,29.6,54,66.2,52.4,37.9,28.1,23.3,19.2,18.8,17.3,18,16.8,19.1,15.8,15.4,13.9,15.5,14.4,16.7,16.3,18.7,19.6,19.9,16.7,12,9.3,9.5,8.3,8.6,8.8,9.5,9,6.6,4.4,4.3,1.4,70.1,506,10.4,1,N,N,N,N,Y,Y,N,N,N,N,서울특별시 은평구,20.6,5.1,0,476013,1
20220511,1,동대문,11803,11071,2,1,34701,8.5,6.7,12,11,16.2,26.1,23.6,20.5,26,24,20.6,25.7,30.5,26.8,34.5,32.4,33.8,35.6,34.8,37.8,36.1,36.5,45.1,45,44.5,67.8,72.5,50.4,34.2,27.1,27.6,35.1,35.5,41.2,33.4,22.2,15.3,12.4,1.3,99.5,561,17.2,1.1,N,N,Y,Y,Y,Y,N,N,N,N,서울특별시 강남구,23.7,1.9,1,537338,1
20220511,4,동대문,21245,21914,2,1,34701,24,17.6,17,20.2,20.5,32.4,30.2,26.9,34.4,29.5,31.8,40.9,41.4,39.9,44.3,42.7,48,46.6,54.1,60.7,59.6,71.3,81.3,91.2,111,115.5,137.6,111.8,77.3,66.9,66.2,71.9,71.3,86.6,69.7,56.1,48.9,36.4,20.4,90.4,716,12.9,0.9,N,N,N,N,Y,Y,N,N,N,N,서울특별시 강남구,23.7,1.9,1,537338,0
20220511,2,동대문역사문화공원(DDP),12827,14298,1,1,160426,17.9,18.2,16.4,20.7,29.5,54,45,31.4,23.3,18.4,21.7,25.9,28.2,28.2,31.7,35.2,29.3,35.5,36.4,35.8,41.8,37.7,47.4,45.2,51.9,48.4,62.8,41.8,25.2,21.2,19.4,26.3,33.8,32.1,32.2,24.9,27.1,11.9,5.9,89.9,572,7.9,1.3,N,N,Y,N,Y,Y,N,N,N,Y,서울특별시 강남구,23.7,1.9,1,537338,1
20220511,4,동대문역사문화공원(DDP),15550,14370,1,1,160426,17.7,17.7,17,21.1,24.8,33,32.4,31.7,37.6,33.3,36,47.1,45.1,42.5,48.3,51.1,45.8,50.8,59.6,56.2,62.1,68.8,79.1,91.6,105,107.3,137.9,104,78.6,62.6,66,73.4,74.3,81.1,71.3,55.7,49,36.5,20.8,86.3,591,10.4,0.7,N,N,N,N,Y,Y,N,N,N,Y,서울특별시 서대문구,21.7,1.5,1,317075,1
20220511,5,동대문역사문화공원(DDP),3002,3665,1,1,160426,15.6,15.7,23,33.7,45.5,55.3,42.9,52,42.7,32.8,31,30.8,28.7,29.6,29.5,32.5,28.6,26.9,26.9,29.2,30.3,37.2,41.2,47.5,36.7,52.1,52.5,45.1,30.2,28.5,25.6,29.4,29.1,31.3,28.1,26.9,12.1,7,5.7,94.5,536,17.8,1.3,N,N,Y,N,N,Y,N,N,N,N,서울특별시 중구 ,20.9,1.8,1,131450,1
20220511,3,동대입구,9345,10484,1,,,8.1,6.5,9.8,19.1,26.4,43.1,44.1,35,29.6,27.1,30.3,40.7,39,47.1,52.6,45.6,41.2,42.4,52.8,59.9,53.8,45.2,49.9,60.3,69.7,78.6,89.5,75.1,58.6,45.2,45.6,41.4,40.8,45.7,39.6,29.5,23.2,15.5,8.5,91.9,475,12.8,0.8,N,N,N,N,N,Y,N,N,N,N,서울특별시 강남구,23.7,1.9,1,537338,1
20220511,1,동묘앞,8553,9186,,5,30458,6.9,8.7,10.1,9.6,12.7,22.7,21.5,17.3,23.1,21.8,19.1,23.1,26.7,27.3,30,29.1,30.3,32,32.2,35,33.5,33.6,42.7,36.6,44.1,62.3,63.9,50,32,25.8,25.3,31.8,32,37.4,29.4,22.1,14.3,11.9,0.2,87.4,567,15.9,1.1,N,N,Y,N,Y,Y,N,N,N,N,서울특별시 서대문구,21.7,1.5,1,317075,1
20220511,6,동묘앞,8339,8587,2,5,30458,17,18.5,21.9,33.1,55.9,86.9,70.2,73.2,43.2,33.2,28.9,24.2,25.3,27.8,26.8,26.9,27.7,27.1,23.8,28.6,32.2,32.1,36.8,41.2,40,49.1,37.9,28.5,27.1,24.7,19.3,23.2,24.1,28.2,22.4,19.6,12.1,10.8,6.1,61.3,508,11.3,1.5,N,N,Y,N,Y,Y,N,Y,N,N,서울특별시 은평구,20.6,5.1,0,476013,1
20220511,4,동작(현충원),1798,2000,2,,32715,17,24.4,22.9,32.4,54,68.3,66.9,47.6,46.4,42.6,38.4,39.8,32.4,39,36.8,36.1,32.2,35.2,30.7,30.1,31.6,37.1,39.1,39.7,41.5,44.3,47,34.3,26.5,20.7,23.4,25.1,24.6,26.2,21.8,22.3,15.7,10.8,8.4,,,,,Y,N,Y,Y,Y,Y,N,N,N,N,서울특별시 강남구,23.7,1.9,1,537338,1
20220511,5,둔촌동,8841,8694,1,,,26.6,14.1,11.8,14.1,18.5,19.1,10,5.5,6.3,7.6,8.4,9.7,9.4,10,10.8,11.6,10.9,10.7,11.1,12.1,13.4,14.5,16,17.7,19.2,26.2,20.7,14.5,10.3,11.4,12.5,11.9,11.9,12.6,10.5,8.4,6.7,4.5,3.4,83.7,638,11.5,1,N,N,Y,N,Y,Y,N,Y,Y,N,서울특별시 강남구,23.7,1.9,1,537338,1
20220511,6,디지털미디어시티,15760,17047,4,2,29905,6.3,10.2,5.5,7.6,10.4,15.3,15.6,14.2,22.9,15.3,15.8,14.7,15.2,15.4,18.8,17.8,18.5,20.1,20.9,22.7,25.1,33.3,35.4,35.1,41.3,57.2,78,75.8,54.5,47.2,40.8,43.2,54.2,54.4,44.6,43.5,31.6,17.9,14.3,72.6,441,17.1,0.8,Y,N,Y,N,Y,Y,N,N,Y,N,서울특별시 종로구,23.2,3.3,1,153684,3
20220511,2,뚝섬,23866,25832,2,,,28.9,31.3,31.6,41.9,70.1,110.6,101.6,69.4,55.7,47.6,43.2,43.4,43.1,42.6,49.5,46.6,46.6,46.4,42.2,41.6,41.6,50.4,41.9,52.4,48.4,55.2,76.1,49.6,34.6,28.5,30.3,35.6,32.4,35.4,33.6,38.1,20,14.3,10,,,,,N,N,Y,N,Y,Y,N,Y,N,N,서울특별시 강남구,23.7,1.9,1,537338,0
20220511,7,뚝섬유원지,11452,11076,1,,,10.5,24.1,19.4,18.5,25.1,36.4,26.4,19.6,23.4,29.3,25.4,25.2,26.6,24.4,28,30.2,29.3,28.2,33.5,39,43.2,42.8,52.7,66.7,74.2,84.1,114.1,76.7,64.9,62.7,60.8,59.8,56.6,55.8,60.1,42.7,35,29.3,11,,,,,N,N,Y,N,N,Y,N,N,N,N,서울특별시 중구 ,20.9,1.8,1,131450,1
20220511,5,마곡,11670,11620,3,,,30,22.2,32,51.2,68.9,89.8,71.6,76.3,61,46.4,39.1,39.6,33.4,33.9,34.2,36,31.7,29.9,29.8,28.2,28.3,31.1,35.7,41.5,35.9,33.7,33.2,29.1,26.2,19.8,18.1,17.8,18.9,18.4,16.9,15,14.1,6.7,2.3,64.8,443,9.8,0.8,N,N,N,Y,N,Y,N,N,N,Y,서울특별시 서초구,23.3,1.7,1,413677,1
20220511,7,마들,14069,13134,3,,,9.3,9.9,10.3,8.4,11,14.4,9.9,7.3,7.4,7.9,9.2,10,10.4,11.1,10.6,11.6,10.8,11.2,10.9,13.6,15.3,16.7,18.8,21.1,25.6,28,26,26,17.8,16.9,19.7,19,19.2,19.5,19.1,16.6,12.1,8.1,6.3,80.2,629,14.3,1,N,N,N,N,Y,Y,N,Y,N,N,서울특별시 은평구,20.6,5.1,0,476013,3
20220511,5,마장,6327,5861,,,,6.1,4,4.7,6.3,8.3,10.7,6.7,6,5.4,4,4.2,3.5,3.7,3.8,4.1,3.3,3.9,3,2.7,2.8,3.3,2.9,5,4.6,3.2,4.3,2.3,1.8,1.7,1.5,1.3,1.4,1.4,0.9,0.8,0.7,0.4,0.3,0,75.3,620,10.5,1.5,N,N,N,N,N,Y,N,Y,N,N,서울특별시 송파구,22.9,2.3,1,668261,1
20220511,5,마천,8099,7601,,2,,13.6,21.8,15.3,33.8,51.4,57.9,34.4,22.9,25.9,21.2,20.3,23,21.8,22.8,25.6,29.2,28,27.3,28.3,30.9,34,37.5,42.9,56.9,66.2,83.4,70.7,42.4,37.9,37.7,35,38.6,40.6,43.6,37.4,29.6,22.9,17.4,5.1,76.1,598,14.7,1,N,N,Y,N,Y,Y,N,Y,N,Y,서울특별시 성동구,23.6,3,1,291609,1
20220511,5,마포,15754,16228,3,,,13.2,18.6,31.1,41.5,58.1,61,51.8,52.7,38.5,29.4,27.3,25.7,23,25.8,24.9,23.8,21.3,21.6,20.9,22.9,23.7,31.3,33.8,34.2,22.8,21.8,18.1,16.8,12.3,11,9.2,11,9.6,11.7,8.1,8.3,5.3,2.1,0,67.6,554,9.8,1.1,N,N,Y,N,N,Y,N,N,N,N,서울특별시 중구 ,20.9,1.8,1,131450,1
20220511,6,마포구청,15374,13821,3,1,,8.2,11.7,8.3,10.1,15.3,25.7,21.1,17.9,21.8,17.3,14.9,14.8,16.1,16.6,17.4,19.5,21.1,19.9,20.4,25.8,26.4,31.3,35.3,34.5,42.5,63.7,80.2,67.6,56.2,42.5,44.6,44.6,47.2,57.6,49.1,38.3,27.5,12.9,14,92.7,465,9.9,1,N,N,Y,Y,Y,Y,N,N,N,N,서울특별시 강남구,23.7,1.9,1,537338,3
20220511,6,망원,14318,15139,1,,,8,12.3,9.4,10.7,15.8,27.5,23.3,20.6,24.5,18.6,15.7,18,16.5,20.1,19.5,22.3,26,21.9,24.5,27.6,32.9,32.8,38.2,39.8,46.5,68,85.7,73.5,55.8,50.7,50.2,47,56.8,63.5,51.9,42.9,31.6,15.9,17.3,96.4,497,12.5,1.2,N,N,Y,N,Y,Y,N,N,N,N,서울특별시 서초구,23.3,1.7,1,413677,3
20220511,3,매봉,13831,13207,2,,,8,8.5,15.9,22.5,35.7,53.5,46.1,35,28.5,23.9,27.8,28.6,29.4,33.6,28.3,23.8,24.7,25.3,31.7,29.3,24.6,27.4,30.6,37.8,34.5,41.3,41.2,27.3,18.4,14.8,14.7,15.3,13.5,19.2,13.4,9.7,7.7,5.5,3,72.3,535,6.7,0.6,N,N,Y,N,N,Y,N,N,N,N,서울특별시 종로구,23.2,3.3,1,153684,1
20220511,7,먹골,10927,10345,1,,,19.6,21,19.5,23.5,28.9,36.2,24.1,17.4,19.1,17.1,23.4,22.7,22.7,26.1,25.3,25.5,26.2,26.2,25.7,29.5,35.2,37,44.8,51.2,63.3,63.4,71.9,66.3,45.8,39.7,49.3,47.7,48.7,45.5,51.8,39.2,33.1,21.4,14.1,66.4,706,15.7,1.2,N,N,N,N,Y,Y,N,Y,N,N,경기도 고양시,20.6,5.1,0,"1,080,896",1
20220511,7,면목,17416,16843,1,,,19.6,22.1,22.1,24.6,26.3,33.6,20.7,17.1,19.5,18.7,22.5,26.4,24.7,26.4,28.3,27.9,28.9,29.7,31.4,38,41.7,46.7,54.4,63.4,75.3,78.4,103.6,80.8,59.8,51.8,64.6,62.7,61.7,62.8,63.4,47.9,40.8,29,21.1,60.4,672,10.7,1.3,N,N,N,N,N,N,N,N,N,N,서울특별시 중구 ,20.9,1.8,1,131450,3
20220511,4,명동,22261,22849,,2,,9.9,13.3,13.3,17.9,19.5,36.5,29.6,30.7,32.8,31.9,30.3,40.7,36.3,38.1,39.8,40.9,41.7,43.2,41.8,47.6,45.4,52.9,58.8,69.2,67.5,70.2,78.9,55,43.9,36.8,40.8,44.1,40.3,48.4,38.3,33.1,24.5,18.4,8.8,94,718,16.8,1.1,N,N,Y,Y,Y,Y,N,N,N,N,서울특별시 강남구,23.7,1.9,1,537338,0
20220511,5,명일,9651,9933,1,,,16.8,16.6,12.6,15,19.3,24.2,14.2,9.9,11.6,12,13.7,14.6,17.4,18.7,17.5,22,21.9,22.9,25,28.6,32,37.8,39.9,47.9,61,75.7,76.4,54.5,42,47.3,41.9,44.4,43.5,51.1,46.1,34.8,30.4,22.9,17.7,71.6,619,7.1,1,N,N,Y,N,Y,Y,N,Y,N,N,서울특별시 서대문구,21.7,1.5,1,317075,1
20220511,8,모란,4756,3730,,,15667,2.5,2.6,2.5,2.1,3,8.8,9.2,7.5,7.5,6.8,5.6,5.8,6.2,7.7,7.2,8.9,9.1,9.4,8.1,11.6,11.3,15.6,14.4,12.6,11.3,12.9,14,11.7,9.5,8.4,7.2,7.4,7.7,9.9,6.4,5.4,4.9,1.4,0.5,76.1,643,8.1,1.1,N,N,Y,Y,Y,Y,N,N,N,Y,서울특별시 성북구,22.5,3.5,1,442680,1
20220511,5,목동,18332,19564,1,,,16.8,16.6,12.6,15,19.3,24.2,14.2,9.9,11.6,12,13.7,14.6,17.4,18.7,17.5,22,21.9,22.9,25,28.6,32,37.8,39.9,47.9,61,75.7,76.4,54.5,42,47.3,41.9,44.4,43.5,51.1,46.1,34.8,30.4,22.9,17.7,71.3,497,12.1,1.1,N,N,N,N,N,Y,N,N,N,N,서울특별시 서초구,23.3,1.7,1,413677,3
20220511,8,몽촌토성(평화의문),6845,6802,1,2,,7.9,14.4,13.5,14.7,21.1,30.3,33.7,27.2,26.2,19.6,21.8,23,21.3,21.5,25.5,28.9,30.6,24.1,33.5,41.1,41.2,45,57.6,68.8,68.6,83.9,114.9,86.9,64.2,57,41.9,60.2,45.3,56.5,51,40.6,25.9,24.2,10.4,66.5,625,11.4,1.1,N,N,Y,N,Y,Y,N,N,N,Y,서울특별시 노원구,23.4,1.5,1,514445,1
20220511,3,무악재,4269,4408,1,,,14.8,14,9.1,12.1,13.9,15.4,12.9,13.6,14.8,13.2,15.3,19.9,24,25.9,34.8,34,31.1,34.7,36.1,57.5,56.6,53.6,51.8,65.1,79.4,97.6,111.6,84.2,70.1,56,55.2,50.5,56.7,58.9,54.5,43.3,32.8,21.7,13.5,101.3,483,13.9,0.8,N,N,N,Y,Y,Y,N,N,N,N,서울특별시 노원구,23.4,1.5,1,514445,1
20220511,2,문래,23788,24583,,,,26,15.8,19.2,20.9,30.3,43.8,30.3,29.3,22.6,25.6,28.6,26.7,42.3,43.2,44.4,50.8,50.7,53.3,62.3,78.6,78.5,87.4,86.1,113.7,114.1,135.7,136.7,110.5,80.7,69.6,73.1,89.3,105.3,117.2,95.9,66.5,37.3,34.5,20.6,86.8,460,12.5,1,N,Y,N,N,N,Y,N,N,N,N,서울특별시 종로구,23.2,3.3,1,153684,3
20220511,8,문정,23629,25224,1,,,34.1,25.1,32.2,45.2,75.2,108.5,97.4,76.3,65.1,50.3,44.3,42.6,37.2,45.5,42.3,41.8,42.6,43.9,35.1,48.5,46.6,63.9,56.8,78.3,80.3,119.4,101.9,66.3,49,45.4,42.2,43.7,39.8,40.6,33.3,24.1,15.7,11.4,2.8,78.6,676,6.4,1.2,Y,N,N,N,N,Y,N,N,N,Y,서울특별시 중구 ,20.9,1.8,1,131450,0
20220511,5,미사,17815,17493,,,,,,,,,,,,,,,,,,,,,,,,,,,,,,,,,,,,,,,,,,,,,,,N,N,Y,Y,Y,Y,N,N,N,N,서울특별시 동작구,22.9,2.6,1,394649,3
20220511,4,미아(서울사이버대학),16490,15925,2,,,29.2,13.6,13.6,13.4,13.9,15.8,12.9,11.2,14.6,12.4,17,16.7,23.2,21.7,24.2,26.9,25.6,27.9,32.9,36,40.2,43.7,53.6,64.5,67.8,79.2,85.5,79.1,57.2,45.8,45.8,53.1,48.3,58.2,58.3,42.6,40.2,24.2,17.7,86.7,492,7.2,0.6,N,Y,Y,N,N,Y,N,N,N,N,서울특별시 중구 ,20.9,1.8,1,131450,3
20220511,4,미아사거리,29594,28457,2,,,27.8,13.8,12.8,13.3,14.5,16.1,14.8,12.1,14.5,12.5,17.5,17.7,25.1,24,23.4,27.9,27.7,28.1,35,38.8,42.3,51,53.9,67.5,73.5,84.4,87.6,86,57,51.1,45.1,55.7,51.3,65.3,55.3,44.6,40.9,26,21.1,88.1,441,6,0.5,N,N,Y,N,Y,Y,N,Y,N,N,서울특별시 강북구,22.8,4.2,1,300824,2
20220511,7,반포,6412,6313,2,,,21,37.9,28.9,32.9,53.5,75.5,75.1,64.6,63.5,47.4,37.4,31.8,31.4,28.1,33.4,32.4,34.3,31.7,31.8,34.9,33.4,35.9,43.8,47.7,46.3,47.9,57.2,41.1,36.2,39.9,36.2,36.6,33.2,37.1,30.8,28.3,19.9,13.9,7.7,62.4,621,13.4,1.1,Y,N,Y,N,Y,Y,N,Y,N,Y,서울특별시 강북구,22.8,4.2,1,300824,1
20220511,5,발산,22307,23091,3,,,30.4,16,13.5,15.4,20.9,23.4,12.7,7,7.9,8.7,9.3,10.4,10.1,10.6,11.7,12.8,12,11.7,12.1,13.1,14.5,15.9,17.2,19,20.9,28.7,22.5,16.6,11.3,13.9,14,13.5,13.3,15.2,12.8,10,8.2,5.7,4.8,76,464,9.9,0.9,N,Y,N,N,N,Y,N,N,N,Y,서울특별시 동작구,22.9,2.6,1,394649,0
20220511,2,방배,21007,21958,1,,,24,19.4,18.7,24.4,34.2,55.7,38.4,33.5,22.3,24.2,22.4,21.3,31.5,37.5,34.3,42.1,45.2,42.6,48.3,58.3,61.6,62.5,71,76,87,90.7,96.4,79.5,59.9,46.2,51.2,64.6,72.5,88.3,72.8,58.1,37.3,21.4,23,93.3,513,15.3,0.6,N,N,Y,N,N,Y,N,N,N,N,서울특별시 용산구,23.4,3.2,1,236518,3
20220511,5,방이,7478,7772,2,,,15.5,16,21.8,30.7,43.6,48.5,44.3,44.2,37.8,27.4,27.9,25.3,22.2,25,24.7,26.1,23.6,21.8,21.3,25,23.2,30.5,36.2,39.4,30.1,45,45.8,40,26,24.5,21.5,26.3,21.9,28.5,22.1,19,7.3,0,5.7,91.3,633,8.4,1.1,N,N,N,N,Y,Y,N,N,N,N,서울특별시 노원구,23.4,1.5,1,514445,1
20220511,5,방화,7154,6774,,,,0,0,0,0,0,0,0,0,0,0,0,0,0,0,0,0,0,0,0,0,0,0,0,0,0,0,0,0,0,0,0,0,0,0,0,0,0,0,0,59.7,462,8.9,0.9,N,Y,N,N,N,Y,N,N,N,Y,서울특별시 용산구,23.4,3.2,1,236518,1
20220511,6,버티고개,2465,2351,1,,,9.6,11.5,13.7,18.2,30.5,44.7,34.3,35,29.6,21.4,16.7,16.4,16.9,19.1,17.9,18.2,19.3,18.4,17.2,20.2,23.2,21.6,26.4,30.1,33,41.7,38.5,32.8,24.5,22.1,21.5,18.5,25.3,24.7,20.8,19.3,10.4,9.3,4.8,116.2,499,10.9,1.1,N,N,N,N,Y,Y,N,N,N,N,서울특별시 성북구,22.5,3.5,1,442680,1
20220511,7,보라매,11209,11271,1,,,44.3,33.4,30.8,40.5,61.3,72.7,56.3,58.2,49.2,40.5,32.4,27.9,25.8,27.1,25.9,29.7,22.7,25.1,22.2,24.5,21.2,27.6,27.8,31.6,27.9,41.7,39.3,30.2,26.4,22.9,21,20.1,18.1,20.4,17.1,17,11.7,11.3,8.3,86.3,519,36.9,1,N,N,Y,N,Y,Y,N,Y,N,N,서울특별시 강북구,22.8,4.2,1,300824,1
20220511,6,보문,8060,7294,1,,13249,15.3,19,23.7,37.7,62.9,92.9,74.2,75.2,48.7,32.9,29.4,27,28.1,27.3,27.1,30.7,26.4,25.3,24.3,32.4,26.1,29.3,34.6,39.9,38.4,46.3,34.3,26.4,25.2,23.6,21.1,21.2,28.2,27.4,22.9,20,13,11.1,6.2,74.7,539,12.6,1.3,N,N,Y,N,N,Y,N,N,N,N,서울특별시 용산구,23.4,3.2,1,236518,1
20220511,8,복정,11112,9155,,1,57748,33.3,23,24.9,37.9,56.8,96.1,101,68.1,62,41.7,35.5,35.1,29.5,33.7,33,32.4,32.1,30.2,29.5,33.8,33.6,44.6,44.6,55.2,51.8,53.5,61.9,44.8,36.5,31,29,25.1,26.9,22.4,28.1,18.9,14,9.3,2,80,628,7.3,1,N,N,Y,N,N,Y,N,N,N,N,서울특별시 용산구,23.4,3.2,1,236518,1
20220511,2,봉천,25395,23361,1,,,20.1,19.4,16.9,21.5,29.2,44.6,33.4,30.2,22.6,28,25.9,24.2,38.8,40.3,39.9,47.7,49.8,49.3,56.5,71.8,66.7,82,79.1,99.2,100.1,113.7,126.2,105.7,75.8,63.3,67.9,85.4,92.2,117.6,90.4,80.3,41,32.5,31,81.4,447,6.8,1,N,N,Y,N,Y,Y,N,Y,N,N,서울특별시 도봉구,22.9,2.2,1,318100,3
20220511,6,봉화산(서울의료원),9754,8962,2,,,3.4,3.4,5,8.6,15.1,14.9,10.9,8.3,5.9,4.6,4.6,4.8,4.2,4.5,4.2,4.3,3.4,3.6,3.5,3.3,3,3.5,3.4,4.2,4.3,4.2,3,2.3,1.7,1.9,1.6,1.8,1.5,1.7,1.4,1,0.5,0.6,0.2,73.9,477,8.3,0.8,N,Y,Y,N,N,Y,N,N,N,Y,서울특별시 용산구,23.4,3.2,1,236518,1
20220511,3,불광,17659,19069,1,,19048,19.7,14.4,9.4,13.1,16.8,18.6,12.4,12.2,13.8,12.4,13.8,18.7,19.2,25.1,31.7,30.3,28.9,28.9,34.3,43.5,50.7,44.9,45.6,53.6,64.9,78.8,87.9,70.5,59.3,45.5,42.8,42.7,46.3,45.2,43.1,36.9,24.2,20.1,9.6,95.2,507,11.4,0.9,N,Y,N,Y,Y,Y,N,Y,N,N,서울특별시 도봉구,22.9,2.2,1,318100,3
20220511,6,불광,4677,4538,1,,19048,0,0,0,0,0,0,0,0,0,0,0,0,0,0,0,0,0,0,0,0,0,0,0,0,0,0,0,0,0,0,0,0,0,0,0,0,0,0,0,90.7,479,9.6,0.9,N,N,Y,N,N,Y,N,N,N,N,서울특별시 동작구,22.9,2.6,1,394649,1
20220511,7,사가정,17502,17432,1,,,17.4,23.5,19.7,22.2,24.5,32.9,22.2,17,19.9,18.9,23.5,26.1,25.4,26.9,29.3,28.5,30,30.4,32.4,39.3,44.5,48.9,58.2,66.8,80.5,89.9,108.6,88.2,65.2,62.5,69.3,64.2,68.2,64.9,71.8,52.4,43.9,26.5,23.8,72.9,728,12,1,N,Y,Y,N,N,Y,N,N,N,N,서울특별시 중구 ,20.9,1.8,1,131450,1
20220511,2,사당,41518,45744,5,,127618,19,16.8,23.8,34.8,48.9,81.9,73.7,59.6,46.5,36,36.4,34.5,36.3,37.1,37.9,39.1,45,39.8,39.3,49.1,45.7,47,49.9,60.6,52.7,70,66.2,48.4,37.6,33.4,35.4,40.1,41.2,45.6,30.6,28,12.8,13.5,5.8,87.8,605,9.3,1.3,N,N,Y,N,N,Y,N,N,N,N,서울특별시 성북구,22.5,3.5,1,442680,3
20220511,4,사당,28543,24164,5,,127618,17,27.8,26.8,39.6,55.7,82.9,71.3,62.6,42.3,44.2,46,44.2,26.4,42.3,40.6,38.3,38.7,32.9,33.7,36.8,34.3,41.3,42.4,42.3,43.1,46.8,53.6,33,26.6,20.7,28.2,23.7,27.3,29.7,21,24.4,16.7,13,0.7,98.9,586,13.4,0.9,Y,N,Y,N,Y,Y,N,Y,N,N,서울특별시 종로구,23.2,3.3,1,153684,1
20220511,8,산성,5966,6012,,,,28.1,20.4,21.1,27.9,41,64.7,59,46.8,30.7,23.7,21.4,18.7,18.9,17.5,20.8,19.6,17.9,15.6,16.9,18.1,21.2,24.1,25.9,34,23.5,27,24.2,17.1,12.3,12.8,10.5,10.9,9,10.3,8.7,5.9,4.9,4.1,1.6,60,568,6.9,0.9,N,N,N,N,N,Y,N,N,N,N,서울특별시 중구 ,20.9,1.8,1,131450,3
20220511,4,삼각지,5694,6362,6,,33858,14.4,16.3,19.5,25.9,33.9,57.1,56.2,40.6,36.4,38.7,30.5,36.9,33.1,31.5,34.6,32.1,31.4,30.4,27.5,28.5,28.9,32.1,35.5,37.1,37,39.4,40,29,23.1,17.7,20.4,19.5,22.3,22.3,17.3,19,11.6,10.6,7.2,94.1,503,10.9,0.9,N,Y,Y,Y,Y,Y,N,N,N,Y,서울특별시 강동구,23.9,1.5,1,"459,970",2
20220511,6,삼각지,7819,6859,6,,33858,6.6,10,10.4,14.7,25.4,43.3,35.9,32.4,33.8,25,19.6,16.7,19.3,18.7,21.5,21.4,21.9,21,19.4,23.2,26.5,28.2,29.9,36.6,38.3,55.8,55.9,45.9,34.8,31.4,31.2,30.1,36.5,37.2,34.6,33.9,16,15.3,8.8,103.6,492,10,0.8,,,,,,,,,,,서울특별시 강동구,23.9,1.5,1,"459,970",3
20220511,2,삼성(무역센터),56609,58150,4,,,21,26.4,23.6,33.2,42.4,81.3,60.1,46.6,37.6,27.4,35.3,36.7,37.9,41,44.1,49.2,41.5,47.2,50,49.8,56.6,49.2,66.4,56.7,68.4,80.8,78,54.8,34.4,27.8,29.7,33.9,48.8,43,43.8,33.9,39.1,15.3,8.2,92.2,520,17.2,0.5,N,N,N,N,Y,Y,N,N,N,N,서울특별시 송파구,22.9,2.3,1,668261,1
20220511,4,상계,21215,19395,,,,0,4.6,2.3,2.3,2.2,2,1.8,1.2,1.9,1.5,2.3,2.2,2.4,2.5,3,3.3,3.3,3.2,3.5,4.2,4.7,4.7,5.4,5.8,6.3,7.8,6.3,6.6,4.4,4.5,3.9,4.9,4.7,5.2,5.7,4.3,3.3,2.4,2.1,,,,,N,N,Y,Y,Y,Y,N,N,N,N,서울특별시 강서구,21.9,3,1,578426,1
20220511,7,상도,12680,12302,1,,,56.4,41.9,37.8,53.2,76.3,91,70.2,74.9,58.9,51.3,36.1,31.4,32.6,29,32.7,32.7,29.7,25.6,28.8,25.9,25.6,27.9,34.3,33.1,32.4,37.8,39.7,29.1,25.7,23.3,19.5,20.9,19.3,20.6,17.9,16,11.4,10.2,7,71.7,561,11.5,1,N,N,Y,N,Y,Y,N,Y,N,Y,서울특별시 송파구,22.9,2.3,1,668261,1
20220511,7,상봉(시외버스터미널),17658,16536,,,35930,26.4,22.2,29.3,49.1,62.8,84.8,62.8,41.7,33.3,31.4,25.5,27,27.6,29.4,27.7,23.1,27.2,21.2,23.3,19.1,25.2,25.4,27.6,41.6,32.8,32.4,29.2,19.5,15,12.6,13.8,17.3,17.2,16,13.4,11.3,7,2.7,2.8,78.8,710,15.9,1.2,Y,N,Y,N,Y,Y,N,Y,N,Y,서울특별시 강동구,23.9,1.5,1,"459,970",3
20220511,6,상수,9389,10794,1,2,,5.1,5.7,6.2,7.1,10.8,20.3,16.9,15,17.2,13.1,12.7,14.7,13.6,16,17.1,17.2,18.7,18.8,20.4,20.5,24.6,26.5,27.7,31,35.2,55.6,54.9,44.3,36.1,31.1,27.7,30.1,34.4,36.7,30.6,31,17.9,13.9,7.1,101.6,519,12.7,1.4,N,Y,Y,N,Y,Y,N,Y,N,Y,서울특별시 마포구,22.4,2.8,1,378629,1
20220511,2,상왕십리,15482,14888,2,,,19.5,18,17.4,22.1,30.5,50.6,33.4,30.6,20.3,22.7,22.7,21,31.8,35.7,35.9,42.2,44.1,45.3,49.8,58.6,67.1,65.1,71,81.9,91.4,95,103,87.6,63.3,49.5,54.8,69,82,92.1,79.8,57.8,39.2,24.9,23.7,82,477,10.6,0.8,N,Y,Y,N,Y,Y,N,N,N,N,서울특별시 광진구,23.7,2.4,1,353110,3
20220511,6,상월곡(한국과학기술연구원),7095,6646,1,,,16.2,16.5,21.6,32.7,57.1,70.8,56,41.1,30.6,23.8,20.3,19.5,18.9,19.6,17.9,20.8,17,16.3,14.5,17.1,15.6,17.9,17.7,19.8,21.2,20.9,16.4,14.2,9.7,9.4,8.5,8.9,10.2,9.7,7.5,8,4.4,4.1,2.7,86.7,517,20,1.1,Y,Y,Y,N,Y,Y,N,N,Y,Y,서울특별시 종로구,23.2,3.3,1,153684,1
20220511,5,상일동,16419,15327,3,,,5.9,9,15.9,23.4,31.1,31.4,27,25.2,17.2,13.1,12,10.4,9.2,9,9.9,9.3,7.1,7.9,8,7.6,8.4,11.8,16.3,19,10.9,9.8,8.4,6.4,4.5,3.6,3.4,3,2.3,2.6,2.2,2.1,1.6,0.7,0,90.3,625,9.4,0.9,N,N,Y,N,Y,Y,N,Y,N,Y,서울특별시 광진구,23.7,2.4,1,353110,3
20220511,6,새절(신사),14276,13191,1,,,7.8,10.3,6.1,9.4,10.8,15,16.9,15.5,15.2,17.1,14.4,11.3,16.6,14.2,13,16.8,16.9,15.6,14.8,21.6,20.1,20.7,30.1,24.2,31.3,40.7,62.3,49.3,38.8,32.1,29.8,28.7,35.5,37.5,30.8,27.4,22.6,11.2,11.5,87.4,568,9.5,0.8,N,N,Y,N,Y,Y,N,Y,N,N,서울특별시 강동구,23.9,1.5,1,"459,970",3
20220511,5,서대문,21843,22289,3,,,13.6,17.3,16.9,28.9,39.5,46.4,29,23.6,23.6,19.9,18.9,22.3,21.4,21.3,22.7,27.9,25.7,26.2,27.5,30.9,31.7,38.5,42,54.5,63.6,77.2,60.7,38,38.8,34.8,32.4,35.5,37.3,38.6,33.9,25.3,20.8,16.6,4.3,81,529,14.2,1.2,N,N,Y,N,Y,Y,N,Y,N,N,서울특별시 강동구,23.9,1.5,1,"459,970",1
20220511,2,서울대입구(관악구청),51265,50574,2,,,26,15.8,18.8,21.8,31.1,45,33.5,29.9,24.4,27.3,28,27.3,41.2,44.7,44.1,50.5,52,52.5,61.7,77.8,77.4,85.3,87.5,109.9,115.8,136.7,131.3,104.6,80.7,67.8,72.3,88.4,103.8,119,92.4,65.2,36.3,30.5,21,86.5,481,7.2,1,N,N,N,N,N,Y,N,N,Y,Y,서울특별시 강서구,21.9,3,1,578426,2
20220511,1,서울역,47203,45505,6,2,93461,8.2,12.9,21.5,28.4,46.7,70,74.5,52.2,57.1,38.5,31.3,45.9,36.5,34.9,36,35,35.2,31.6,29.6,28.7,26,27.5,32.7,26.8,34.4,40.3,42.7,29.8,21.7,15.1,15.9,17.1,16,19,15.2,10.5,7.8,6,0.9,76.4,627,16.4,0.6,N,Y,N,N,Y,Y,N,Y,N,Y,서울특별시 강서구,21.9,3,1,578426,4
20220511,4,서울역,12539,18231,6,2,93461,9,16.7,21.6,23.6,33,50.4,54,44.3,48.3,40.4,40,53.7,45.3,41.8,48.6,47.1,41,40.8,39,42.2,40.5,45.1,49.1,51.7,56.1,57.2,61.6,48.3,34.9,27,31.4,30.7,33.8,34,25.9,26.5,24.5,15.2,9.3,87.7,722,17.6,1,N,Y,Y,N,Y,Y,N,N,N,Y,서울특별시 성동구,23.6,3,1,291609,1
20220511,2,서초,23676,23258,2,,,23.6,18.2,25.5,33.3,52.6,79.9,84.9,61.2,55.1,38.1,39.5,37.7,46.3,45.4,46.8,53.7,56.2,48.5,55.8,65.1,61.5,68.7,65.8,88.8,73.4,98.3,96,69.7,53.7,44.4,44.3,55.2,57.2,65.2,47.1,33.9,17.5,15.4,10.7,92.8,479,14.9,0.5,Y,Y,N,N,N,Y,N,N,N,Y,서울특별시 중구 ,20.9,1.8,1,131450,0
20220511,6,석계,13682,14245,3,1,18884,13.1,13.9,17.8,27.9,46.7,58.5,47.6,33.7,23.5,22.3,18,17.3,16.2,16.9,17.6,15.9,15.2,14,13.3,14.8,13.8,16.2,15.3,17.1,18.7,18.3,16.6,11.4,10.2,8.2,8.2,9.7,7.6,9.8,9.6,6.2,4.3,4.9,1.8,86.7,478,22.4,0.9,N,N,Y,N,Y,Y,N,Y,N,N,서울특별시 강동구,23.9,1.5,1,"459,970",3
20220511,8,석촌,8197,9440,2,,29676,19.7,23.4,29.4,38.1,69.8,97.9,97,80.5,63.3,48.1,50.3,40.6,45.6,43,48.6,41.7,48.5,40,45.9,50.7,52.2,62.6,63.9,79.9,82.1,110.6,115.6,73.7,54.1,48.4,44.1,47.6,39.5,42.6,39.6,32.1,19.6,15.6,5.1,85.1,636,10.4,1,N,N,N,N,Y,Y,N,N,N,N,서울특별시 강서구,21.9,3,1,578426,1
20220511,2,선릉,61834,54903,3,,78335,10.7,11,12.2,15.7,23.5,43.9,32.4,26.9,28.8,24,21.8,28.4,30.6,26.6,33.3,37.7,31.4,36,39.9,34.8,47,41.3,46.1,41.9,46.2,57.5,75.2,48,34,27.2,29,37.6,39.1,40.4,33.1,26.8,28.4,18,13.1,92.9,580,16.5,1,N,N,Y,N,Y,Y,N,N,N,N,서울특별시 성동구,23.6,3,1,291609,4
20220511,2,성수,39717,43874,2,,20691,19.7,19.7,25.5,36,52.6,89.4,76.6,46.8,39.3,31.2,34.9,44.4,36.8,38.7,41.3,43.3,39.9,42.5,37.7,42.7,37.5,43.5,47.7,45.6,51.1,59.6,53.5,37,25.9,23.5,23,31.4,38,40,38.2,34.1,32.6,13.7,4.6,,,,,N,Y,Y,N,Y,Y,N,N,N,N,서울특별시 송파구,22.9,2.3,1,668261,0
20220511,4,성신여대입구(돈암),22679,21519,2,,19386,23.5,14.2,14.1,11.9,13.3,16.6,13.6,15.2,15.7,16.2,19.9,23.7,26.2,27.1,29.3,34.6,34.2,33.8,37.8,46.9,50,57.4,65,84.5,84.5,101.5,117.1,91.4,69.2,58.5,56.4,65.9,68.8,78.2,67.9,51.7,46.9,31.3,22.1,92.6,534,11.8,0.7,N,N,N,N,Y,Y,N,N,N,N,서울특별시 마포구,22.4,2.8,1,378629,3
20220511,5,송정,6919,6544,2,,,23.3,13.1,10.9,13,16.1,17.8,9.3,4.8,5.4,6.7,7.4,8.6,8.2,9,9.4,10.1,9.5,9.3,9.7,10.9,11.5,12.8,13.8,15.2,16.6,22.7,18.2,11.8,8.6,9.5,10.2,10.2,9.9,10.1,8.3,6.6,5.2,3.3,2,69.1,507,10.8,1,N,N,Y,N,Y,Y,N,N,N,N,서울특별시 강동구,23.9,1.5,1,"459,970",1
20220511,8,송파,9199,8873,1,,,24.3,26.5,33.8,50.8,81.6,107.5,109.9,86.8,71.5,53.9,55,52.2,41.2,46.2,52.3,50.7,48.3,43.2,48.2,58.4,50.5,67.2,69.3,89,82.2,119.4,124.1,81.4,57,49.6,46.9,50.7,41.3,46.1,38,27.4,21.4,12.2,2.8,72.1,644,11.6,1.1,N,N,Y,N,Y,Y,N,Y,N,Y,서울특별시 양천구,22.9,1.8,1,449378,1
20220511,7,수락산,13769,13305,2,4,,17.2,21.1,20.1,20.8,29.2,34.9,21.3,17.9,19.8,18.2,21.5,25.1,23.2,25.9,26.4,27,27.3,27.8,28.6,34.5,38.5,42.4,51.1,59,71.1,68.9,86,73.2,54.6,46.4,56.6,56.3,54.5,54.1,58.4,42.6,35.9,24,17.8,93,610,14.2,1,N,N,Y,N,N,Y,N,Y,N,Y,경기도 하남시,21.9,2.1,1,280984,3
20220511,3,수서,18341,18508,2,2,12162,5.9,5,12.3,16.3,25.7,38.2,26.1,18,16.4,13.2,14.4,15.4,13.1,17.7,14,13.8,12.8,11.9,15.1,13.1,11.4,13.4,14,17.2,13.9,20,17.5,10.5,7.4,6.5,6.5,6.6,6.6,6.8,5.9,5.7,4.1,2,1.9,82.9,504,9,0.6,N,N,Y,N,Y,Y,N,N,N,N,서울특별시 강서구,21.9,3,1,578426,3
20220511,4,수유(강북구청),36378,36489,1,,,30.2,15.4,13.3,14.7,15.1,16.1,12.7,11.9,13.1,11.1,15.6,15.8,18.1,22.2,20,23.4,26.4,26.6,27.2,32.2,35.4,37.7,47.3,56.9,60.7,70,71.6,64.9,46.2,40.2,36.7,44,42.3,48.7,50,35.3,31.2,19.9,14,88.1,508,6.1,0.8,N,N,Y,N,Y,Y,N,N,N,N,서울특별시 송파구,22.9,2.3,1,668261,2
20220511,8,수진,5576,5165,,,,4.9,4.1,3.7,4.2,6.7,14.3,12.6,11.4,8.9,8.7,6.8,6.8,6.8,8.7,8.6,9.4,8.9,9.4,8.7,12.6,11.3,14.8,16.1,15,11.2,13.7,12.8,11,9.1,8.2,7.1,7.6,8.2,10.1,7.2,5.5,4.7,1.9,1,61,630,12.5,1.2,N,N,N,Y,Y,Y,N,N,N,N,서울특별시 강서구,21.9,3,1,578426,1
20220511,4,숙대입구(갈월),15698,15136,1,,,15.4,16.9,20.6,23.3,32,53.4,55.5,36.2,39.2,34.6,30.1,37.1,34.1,30.9,35,33.6,31.8,29.2,30.2,32.6,28.6,33.5,38.9,37.7,42,40.9,43.5,30.7,24.1,19,21.9,21.4,23.9,24.5,19.5,19.5,14.7,11,6.6,93,480,15.1,0.8,N,Y,Y,N,Y,Y,N,Y,N,N,서울특별시 강동구,23.9,1.5,1,"459,970",1
20220511,7,숭실대입구(살피재),15990,16338,2,,,9.3,6.9,7.9,7,9.9,11.4,8.2,5.9,5.8,6.1,6.9,7.4,7.6,8.3,7.6,8.7,8.4,8.3,8.3,9.6,10.7,11.2,13.4,14.8,17.9,18.9,18.6,16.2,12.3,11.2,12.3,13.3,12.5,13.5,11.9,11.2,7.8,5,3.3,63.5,591,16.3,1,N,Y,N,N,Y,Y,N,N,N,N,서울특별시 종로구,23.2,3.3,1,153684,3
20220511,1,시청,25501,25925,4,,34177,7.7,11.2,19.6,24.4,36.2,53.7,51.7,47.1,47.1,37.4,27.2,41.1,38,34.5,34.8,35.3,33.7,32.4,30.4,30.3,28.3,29.7,34.2,30.8,35.6,51.1,48.7,36.1,24.2,18.7,18.3,20.7,22,24,18.7,13.7,10,6.9,1,100.7,610,17.8,1,N,N,Y,N,Y,Y,N,N,N,N,서울특별시 강서구,21.9,3,1,578426,0
20220511,2,시청,26063,25605,4,,34177,19,25.7,23.2,31.7,44.5,76.5,62.3,42.6,38,27.2,35.6,36.5,38,40.9,42.4,51.3,41.7,45.9,52.8,50.1,54.8,51.7,67.7,58,71,86.8,77.8,53.4,35.8,30.2,29.3,35.2,50.6,43.2,46,35.8,41.3,16.5,9.3,109.3,558,10,1,N,N,Y,N,Y,Y,N,N,N,N,서울특별시 성동구,23.6,3,1,291609,0
20220511,5,신금호,7150,7483,1,,,19.7,19.4,28.2,43.5,56.2,75.6,59.5,58.5,53.1,39.2,32.8,34.1,29.3,27.5,28,28.4,27.5,23.5,24.6,23.2,23.7,24.9,28.8,32.8,31.1,25.8,27.3,23.3,21.4,16.5,15.3,15.1,17.2,15.3,14.2,13.3,11.5,7.7,2.6,68.5,491,13.4,1.2,N,N,Y,Y,Y,Y,N,N,N,Y,서울특별시 영등포,22.7,2.1,1,400241,1
20220511,5,신길,4417,4655,,,36953,8.9,15.3,10.1,12.5,17.4,24.2,16.3,11.9,17.6,15.5,15.7,18.2,19.2,19.8,21.4,24.7,25.5,25.8,25.8,31.9,32.2,38.6,44.4,55.6,72.3,82.9,75.1,52.2,45.2,44.5,41.8,42.5,44.5,50.1,42.4,34.2,28.5,24.4,17.9,70.4,558,13.6,1,N,N,Y,N,Y,Y,N,N,N,N,서울특별시 양천구,22.9,1.8,1,449378,1
20220511,2,신답,1841,1991,,,,48.1,26.9,24.8,33.7,49.6,80.6,63.4,48,30.7,27.5,28,24.5,28.7,39.8,35.5,42.8,41,43.7,43.1,50.9,50.2,57.4,60,70.6,73.4,65.1,82.9,58.9,44.5,37.3,34.6,44.3,55.4,64.4,56.6,39.8,25.6,14.2,14.7,,,,,N,N,Y,N,Y,Y,N,Y,N,Y,서울특별시 광진구,23.7,2.4,1,353110,1
20220511,2,신당,15071,15554,,,30531,19,25.7,23.2,31.7,44.5,76.5,62.3,42.6,38,27.2,35.6,36.5,38,40.9,42.4,51.3,41.7,45.9,52.8,50.1,54.8,51.7,67.7,58,71,86.8,77.8,53.4,35.8,30.2,29.3,35.2,50.6,43.2,46,35.8,41.3,16.5,9.3,95.8,563,7.5,1.1,N,N,N,N,Y,Y,N,N,N,N,서울특별시 마포구,22.4,2.8,1,378629,3
20220511,6,신당,9460,9762,,,30531,14.5,15,18.9,26.4,46.1,66.5,53.1,57.3,34.4,26.1,21.2,22.8,20.2,23.3,22.2,23.1,22.5,22.4,22.1,22.8,27.6,27.7,31.1,34.1,33.9,42.9,32.8,27.1,20.9,20.1,19.6,20.4,21.2,24.3,22.6,18.2,11.6,10.4,4.6,67.9,496,26.6,1.3,N,N,N,N,Y,Y,N,N,N,N,서울특별시 영등포,22.7,2.1,1,400241,1
20220511,2,신대방,29185,28067,1,,,48.1,26.9,24.8,33.7,49.6,80.6,63.4,48,30.7,27.5,28,24.5,28.7,39.8,35.5,42.8,41,43.7,43.1,50.9,50.2,57.4,60,70.6,73.4,65.1,82.9,58.9,44.5,37.3,34.6,44.3,55.4,64.4,56.6,39.8,25.6,14.2,14.7,,,,,N,N,N,N,Y,Y,N,N,N,Y,서울특별시 영등포,22.7,2.1,1,400241,2
20220511,7,신대방삼거리,18343,17499,1,,,61,44.7,42.4,58.3,77.1,99.5,79.7,77.6,63.5,49.9,38.5,33.7,32.9,31.4,34.5,34.6,32.2,27.9,31.3,29.4,27.9,33.2,39.7,36.9,36.3,40.7,39.8,32.1,26,25.4,21.9,24.3,22.1,23,19.8,18.4,13.2,11.5,6.7,85.9,542,14.6,1.2,N,N,Y,N,Y,Y,N,Y,N,Y,서울특별시 영등포,22.7,2.1,1,400241,3
20220511,2,신도림,51464,51665,3,,215894,28.9,31.4,32,46.3,73.4,121.2,101.8,75.5,51.2,36,38,33,37.2,42.3,50,44.3,48.6,46.3,40.5,42.9,41.1,49.9,40,49,44.1,55.3,72.7,46.7,31.5,27.1,25,26.5,32.4,38,30.9,20.1,17.5,9.9,9.8,73.2,498,9.1,0.9,N,Y,N,Y,Y,Y,N,N,N,Y,서울특별시 영등포,22.7,2.1,1,400241,2
20220511,2,신림,68116,65609,5,,,35.8,24.1,22.6,28.5,44.1,71.2,53.4,40,26,24.9,25.5,23.4,28.9,36.5,35.5,42,41.3,42.1,44.5,50.3,56.1,56.5,60.6,71.7,75.2,72.1,80.1,62.1,45.7,38.2,41.1,48.6,59.4,71.6,63.1,43.9,28.6,17.3,14.5,93,571,5.5,0.9,N,N,N,N,Y,Y,N,N,N,N,서울특별시 영등포,22.7,2.1,1,400241,2
20220511,3,신사,32427,33825,2,,,6.4,7.4,11.8,20.1,29.4,54.3,47.5,45.4,39,35,41.9,46.4,52.4,58.5,56.4,48.1,46.3,54.8,61.7,67.8,58.7,51.7,62.6,73.6,79.6,91.8,105,84.9,61.9,48.2,45.1,50.7,45.5,50.2,45.2,30.7,23.9,16.9,4.3,96.2,535,7.4,0.7,N,N,N,N,N,Y,N,Y,N,N,서울특별시 송파구,22.9,2.3,1,668261,0
20220511,1,신설동,14807,14442,5,1,28393,7.2,7.9,9.1,8.5,10.5,17.6,17.6,18.5,23.1,19.6,18.7,24.7,27.2,24.9,30.1,27.5,30.4,29.6,33.6,32.1,33.8,31.3,39.5,43.3,46.4,58.2,64.1,45.4,29.8,24,26.6,29,32.1,41,31.2,20.6,13,9.3,8,98.5,511,11.2,1.1,Y,N,N,Y,Y,Y,N,Y,N,N,서울특별시 양천구,22.9,1.8,1,449378,1
20220511,2,신설동,3427,3434,5,1,28393,,,,,,,,,,,,,,,,,,,,,,,,,,,,,,,,,,,,,,,,70.1,476,15.8,0.6,N,N,Y,N,Y,Y,N,N,N,Y,서울특별시 송파구,22.9,2.3,1,668261,1
20220511,4,신용산,18185,19338,2,,,15.9,17.9,21.4,28,36.7,62.8,59.9,44.4,39.3,42.1,32.6,41.8,31.9,33.9,37.1,34.1,33.2,31.7,28.8,29.6,30.5,32.8,39.9,41.5,41.9,42.4,47.2,32.3,26.8,19.7,23.3,22.6,25.2,24.6,20.5,21,14.3,10.4,7.9,92.6,505,15.7,1,Y,N,Y,N,Y,Y,N,N,N,Y,서울특별시 성동구,23.6,3,1,291609,1
20220511,5,신정(은행정),15085,12207,,,,19,16.9,13,16.1,21.3,25.4,15.3,10.2,12.2,12,13.5,14.3,16.3,18.1,16.7,21.2,20.9,21.7,23.4,26.4,29.5,34.8,36.6,44.3,55.5,69.5,70,50,38,42.2,37.5,39.7,38.6,45.2,41.7,30.2,26.3,19.9,15.2,59,493,9.7,0.9,N,N,N,N,Y,Y,N,N,N,Y,서울특별시 강서구,21.9,3,1,578426,3
20220511,2,신정네거리,11363,11608,1,,,,,,,,,,,,,,,,,,,,,,,,,,,,,,,,,,,,,,,,,,101.9,463,12,1.1,N,N,N,N,N,Y,N,N,N,N,서울특별시 중구 ,20.9,1.8,1,131450,3
20220511,2,신촌,35647,36321,4,,,22.6,17.8,27.6,37.4,61.5,100.7,88.4,57.9,45.6,35.4,41.7,46.2,39.3,42.7,40,43.5,41.1,40.9,34.9,40.1,33.7,37.8,40,39.5,36.2,40.9,40.5,29.9,22.2,20.9,21.3,32.4,33.3,40.7,35.5,35.3,30.9,14.2,4.9,90.9,568,9.2,0.9,N,Y,Y,N,Y,Y,N,N,N,N,서울특별시 동대문구,23,3.8,1,352592,0
20220511,7,신풍,12498,11990,3,,,53.8,34.5,34.2,46.5,66.3,81.9,62.8,66.9,53.7,44.3,34.9,30.5,28.4,29.9,28.1,32,24.2,26.7,23.8,26,22.1,29.5,29.1,32.8,27.9,39.5,39.1,28.9,25.2,22.2,20.3,19.7,18.2,18.8,16.7,16,10.6,11.3,5.6,89.4,578,15.7,1.3,N,Y,Y,N,Y,Y,N,N,N,N,서울특별시 종로구,23.2,3.3,1,153684,3
20220511,8,신흥,4453,4688,,,,7.4,6.2,5.1,6.4,10.6,17.5,20.2,14.3,10.2,11,8.1,8.4,7.5,9.4,9.5,10.2,9.3,9.8,9.8,13.2,12,14.7,16.4,15.7,11.5,13.9,12.8,11,9.2,8.2,8.1,8,8.3,10.1,7.4,5.9,4.9,2.3,1.3,76.9,673,27.2,1.2,N,Y,Y,Y,Y,Y,N,Y,N,Y,서울특별시 강동구,23.9,1.5,1,"459,970",1
20220511,4,쌍문,31551,28697,1,,,0,23.6,13.3,14.2,17.7,16.8,13.2,12.8,12.7,11.8,14.6,15.2,17.6,20,19.3,22.8,23.1,23.9,23.5,26.9,31.4,32.9,40.7,48.1,48.8,57.6,58.2,51.5,35.8,30.8,29.7,34.7,33.3,36,39.9,26.1,23.5,18.2,11.5,94,501,5.7,0.8,N,N,Y,N,Y,Y,N,N,N,Y,서울특별시 중구 ,20.9,1.8,1,131450,2
20220511,5,아차산(어린이대공원후문),16470,15685,1,,,27.8,24.1,33.5,53.1,63.3,87.5,67.2,73.6,64.5,48.1,41.3,40.8,35.8,38.9,37.5,38.8,33.8,32.4,31.3,32.5,33.8,38.3,43.2,52.9,41.3,45.6,47.8,43.4,35.4,29,25.5,28.8,26.6,28.8,25.5,23.1,14.4,10.2,4.8,62,545,8.6,0.9,N,N,Y,N,Y,Y,N,N,N,Y,서울특별시 서대문구,21.7,1.5,1,317075,3
20220511,2,아현,11671,10817,2,,,17.5,19.3,26.2,35.2,61.3,102.4,92.8,53.7,44.3,33.4,38.8,45.4,37.4,39.9,43,43.5,41,41.6,37.5,40.6,35.4,42.7,44.2,41.8,41.4,42.2,42.6,32.3,23,22.3,22.9,31.1,35.9,42.7,35.9,32.9,34.2,14.8,6.3,91.6,555,12.2,0.9,,,,,,,,,,,경기도 하남시,21.9,2.1,1,280984,1
20220511,3,안국,25956,26277,1,,,16.7,14.4,10.7,16.4,19.6,25,29.5,25.2,26.9,23.2,26.4,30.4,32.6,37.9,46,44.4,35.8,41,48.2,65.1,65.8,54.9,56.6,72.4,87.2,99.8,110.7,88.5,74,58.1,54.4,58.2,55,59.7,58.8,45.8,33.8,23.8,11.5,78.4,522,24.3,1,,,,,,,,,,,경기도 하남시,21.9,2.1,1,280984,0
20220511,6,안암(고대병원앞),15457,15723,1,,,14.4,17,21.3,34.1,61.1,82.7,64.7,64.4,42.2,31.7,28,27,24.4,27.5,25.8,27.7,26.5,24.1,24.9,30.4,27.8,28.9,36.5,37.4,39.4,43.9,33.4,26.9,23.9,23,19.7,23.8,27.7,27.4,22.8,18.2,12.9,11.4,3.6,67.9,555,11.2,1.4,N,N,Y,N,N,Y,N,Y,N,Y,경기도 하남시,21.9,2.1,1,280984,1
20220511,8,암사,20454,17635,1,,,0,0,0,0,0,0,0,0,0,0,0,0,0,0,0,0,0,0,0,0,0,0,0,0,0,0,0,0,0,0,0,0,0,0,0,0,0,0,0,76.2,654,10.8,1,N,N,Y,N,Y,Y,N,N,N,N,서울특별시 성동구,23.6,3,1,291609,3
20220511,3,압구정,33127,35479,2,,,6.9,7,10.5,17.2,27,48.9,37.8,35.9,32.3,30.9,33.8,45.5,45.2,48.8,60.7,46.7,46,51.4,62,73.6,59.1,54.5,60.5,76.9,79.8,99.2,119.1,94.1,69.4,61.1,49.7,58,48,62.6,47.7,37,28.3,18,3.7,88.5,504,6.9,0.7,N,N,Y,N,Y,Y,N,Y,N,N,서울특별시 강서구,21.9,3,1,578426,0
20220511,5,애오개,7482,7395,2,,,10.6,19.3,15.6,28.6,41,47.3,30.2,23.1,25,20.4,19.9,22.5,22.8,22.3,24.2,27.6,27.9,27,28.7,31.2,34.6,37.1,42.3,53.6,64.6,79.2,69.5,40.3,40.8,36,33.4,35,38.2,39.9,34.4,25.6,21.8,16.2,6,81,594,14.7,1.2,Y,N,Y,N,Y,Y,N,Y,N,N,서울특별시 성북구,22.5,3.5,1,442680,1
20220511,3,약수,14205,13678,1,,40613,9.5,6.6,10.4,19.5,28.1,44.6,50.5,35.4,32.9,29.3,32.4,41.9,40.8,45.3,56.7,42.9,42.4,42.2,51.3,57.8,52.4,43.2,47.8,57.2,66.9,70.3,87.8,73.5,55.5,45.5,37.2,38.4,36.3,43.6,35.7,29.4,18.9,16.7,8.5,101.5,583,8.9,0.9,N,Y,Y,N,N,Y,N,Y,N,Y,서울특별시 마포구,22.4,2.8,1,378629,3
20220511,6,약수,3836,3868,1,,40613,10,11.7,13.2,18.4,30,44.1,34.6,33.2,31.2,21.4,14.9,17.1,17.1,19.1,17.2,19.2,19.7,17.4,18.4,20.5,23.6,21.8,26.8,30.3,33.3,41.9,37.8,34.6,23.8,23.7,21.8,18.9,26.1,25.2,21.3,19.8,10.8,9.6,5,114.9,542,9.1,1.1,N,Y,Y,N,Y,Y,N,N,N,N,서울특별시 마포구,22.4,2.8,1,378629,1
20220511,3,양재(서초구청),42580,46570,4,,47294,8.5,9.8,20.6,30.3,41.1,67.8,56.7,43.2,39.7,34.8,40.1,47,45.1,50.2,44.3,36.5,38.3,40.8,51.8,50.2,39.9,45.4,50.5,63.7,64.5,83.2,81.4,62,41.3,31.6,30.1,31.1,29.3,35.6,27.1,19.6,14,9.9,2.7,88.1,560,8.6,0.7,N,Y,N,N,Y,Y,N,N,N,N,서울특별시 은평구,20.6,5.1,0,476013,0
20220511,2,양천구청,7451,7662,1,,,,,,,,,,,,,,,,,,,,,,,,,,,,,,,,,,,,,,,,,,72.5,424,8.8,0.8,Y,N,Y,N,Y,Y,N,N,N,N,서울특별시 용산구,23.4,3.2,1,236518,1
20220511,5,양평,8095,7755,,,,15.4,17.7,14.7,17.3,23.2,29.2,22.1,14.2,20.4,19.1,20.7,20.2,25.1,23.8,27.9,27.9,32,30.5,34.2,36.6,44.6,45.3,57.2,65.5,85.2,107.3,99,69.9,57.6,58,56,50.8,55.6,65.4,59.8,45.1,38.3,31.6,23,80.2,522,10.2,1.1,Y,Y,Y,N,Y,Y,N,N,N,Y,서울특별시 마포구,22.4,2.8,1,378629,1
20220511,7,어린이대공원(세종대),17604,18085,2,,,14.6,24.9,20.3,19.9,23,30.4,17.8,15.7,17.8,20.2,22.2,24.6,25.6,25.5,27.8,30.5,31.8,32.4,38.5,48.1,52.2,56.6,65.7,82.2,89.1,92.5,132.2,87.9,79.7,75.9,79.6,80.5,76.8,81.7,78.9,60.6,52,41,19.3,69.3,669,10.4,0.9,N,N,N,N,Y,Y,N,N,N,N,서울특별시 은평구,20.6,5.1,0,476013,1
20220511,5,여의나루,14229,15364,1,,,12.6,18,14,31.3,45.9,50.3,33.8,21.4,24.3,20.6,19.1,21.7,22,21.7,23.8,28.5,28.5,27.8,27,31.2,32.6,38.5,44,54.4,68.5,84.8,73,42.8,38.5,39.6,36.4,39.2,40.8,44.6,38.2,29.6,22.6,17.1,4.5,71,526,5.4,1,N,N,Y,N,Y,Y,N,N,N,N,서울특별시 성북구,22.5,3.5,1,442680,1
20220511,5,여의도,30750,33191,1,,45330,7.5,14.1,9.8,15.3,19.3,26.3,14.6,13,16.9,16.9,16.1,19.2,20.4,20.9,22.3,26.2,27,27.2,27.8,34.4,34.8,42.2,48.3,65,84.2,101.4,84.1,57.2,48.5,49.9,46.6,47.8,50.4,56.4,46.9,38,30.2,22.2,0.9,81.3,550,9.2,0.9,N,Y,Y,N,Y,Y,N,N,N,Y,서울특별시 종로구,23.2,3.3,1,153684,0
20220511,2,역삼,56401,64214,3,,,30,19.7,24,30.2,43.8,61.6,61.2,46.5,44,34.5,35.4,35,44.8,46,47.3,51.6,59.9,52,57.2,72.3,71.4,79.3,79.9,110.5,95.6,123.6,114.4,88.1,62.4,51.5,54.6,61.7,66.8,82.4,54.3,39.7,23.3,17.8,11.1,81.6,584,18,1.1,N,Y,Y,N,Y,Y,N,N,N,N,서울특별시 은평구,20.6,5.1,0,476013,4
20220511,6,역촌,4039,4810,1,,,0,0,0,0,0,0,0,0,0,0,0,0,0,0,0,0,0,0,0,0,0,0,0,0,0,0,0,0,0,0,0,0,0,0,0,0,0,0,0,84,443,9.6,0.8,N,Y,Y,N,Y,Y,N,N,N,N,서울특별시 마포구,22.4,2.8,1,378629,1
20220511,3,연신내,38854,36519,1,,27406,22.9,14.1,9.4,12.2,15.9,18.9,11.6,11,11.6,11,12,14.6,17.5,19.6,23.1,28.3,24,24.7,26.5,34.8,42.7,35.8,34.1,39.9,48.1,56.7,69.2,52.6,42.1,33.6,34.1,31.3,34.9,32.3,36.1,26.8,18.4,14.7,4.3,105.1,491,8.6,0.9,N,N,Y,N,Y,Y,N,N,N,N,서울특별시 마포구,22.4,2.8,1,378629,2
20220511,2,영등포구청,24063,24820,1,1,64114,31.5,31.3,29.5,44.4,71.3,108.2,90.6,69.6,54.5,47.1,46.8,42.7,42,43.1,49.2,45.4,45,43,41.4,40.8,37.3,45.5,42.8,49.1,44.9,56.7,69.6,48.5,32.2,27,28,31.3,30.5,33.9,29.2,32.2,18.2,12.3,8.3,96.5,520,11.6,0.7,N,N,Y,N,Y,Y,N,N,N,N,서울특별시 중구 ,20.9,1.8,1,131450,0
20220511,5,영등포구청,4316,4458,1,1,64114,15.6,19,13.4,17.6,23.9,31.8,23.7,15.6,23,19.9,21.3,20.8,25.6,24.5,28.7,28.5,33,31.2,34.8,37.3,45.4,46.3,58.1,66.4,86.4,106.5,99.6,70.2,59.2,59.4,57.5,52.2,57.6,67.4,60.7,44.3,39.9,32.8,24,82.7,568,16.6,1.1,N,N,Y,N,N,Y,N,N,N,N,서울특별시 성북구,22.5,3.5,1,442680,1
20220511,5,영등포시장,10964,11198,1,,,10.3,14.8,9.6,12.2,17.4,22,15.2,10.8,16.2,14,15.9,15.8,19.9,18.5,22.2,21.6,25.2,24.2,26.8,29.9,35.1,36.6,45.8,52.3,68.7,83.6,78.8,52,44.9,45.4,42.6,39.9,43.7,50.2,41.8,33.6,27.7,23.8,17.5,77.9,492,9.9,0.9,N,Y,Y,Y,Y,Y,N,N,N,N,서울특별시 중랑구,23.4,1.4,1,393600,1
20220511,3,오금,6788,6193,2,,25415,5.8,8.8,9.9,11.7,19.4,24,16,10.2,6.9,6.5,6.4,6.3,7.2,6.6,6.5,6.4,5.2,6.3,6,5.1,4.7,6.2,6.8,8.8,7.9,8.8,6.6,4.1,2.8,2.6,2.6,2.6,2.1,3.1,1.9,1.6,1.4,0.7,0,72.4,439,6.1,0.5,N,Y,N,N,Y,Y,N,N,N,Y,서울특별시 은평구,20.6,5.1,0,476013,1
20220511,5,오금,4126,4143,2,,25415,13.9,13.3,18.1,25.4,38.4,42.7,40.2,37.9,33,23.7,24,21.9,19.4,22.1,22.4,22.7,21.9,19.6,19.4,22.3,22.1,29.2,34.9,36.5,28.5,40.6,42.7,36.5,24.5,19.2,20.9,20.6,17.6,20.5,17.2,17.9,6.6,0,5.2,68.8,619,10.2,1.1,N,Y,N,N,Y,Y,N,N,N,Y,서울특별시 용산구,23.4,3.2,1,236518,1
20220511,5,오목교(목동운동장앞),22890,24220,2,,,15.3,16.9,12.9,15.6,19.1,24.1,15.2,10.9,14.6,14.3,15.5,16.2,19.5,20.7,19.8,25.1,25.6,26.1,29.1,32.8,37.3,43.4,46.5,55.9,72.4,88.6,91.1,64.9,50.7,55,52.5,48.2,51.6,62.9,55.4,41.8,34.6,28,20.9,56.3,605,35.2,1.1,N,Y,N,N,Y,Y,N,N,N,N,서울특별시 마포구,22.4,2.8,1,378629,3
20220511,3,옥수,9903,10142,2,1,22247,7.9,6.5,9.2,18.5,27,46.9,44.6,35,32.9,30.8,33.4,43.2,45.2,47.2,57.8,46.8,39.9,48.5,57.9,65.9,54.4,49.8,55.2,70.2,74.9,89.1,105,86.9,68.5,53.9,44.2,46.7,47.7,51.8,47.3,32.6,24.5,16.7,5.9,,,,,Y,Y,Y,N,Y,Y,N,N,N,Y,서울특별시 성북구,22.5,3.5,1,442680,1
20220511,7,온수(성공회대입구),11953,11298,7,,46386,24.8,32.6,28.9,47,76.9,92.9,85.3,67.9,52.7,35.9,26.7,24.1,28.1,21.9,29,20.3,24.8,17.1,21.7,16.5,21.7,19.8,28.5,20.4,27.8,26.3,22.3,20.2,17.5,16.8,12.5,17.6,12.8,18.2,14.1,11.6,10.9,5.2,0.2,75.2,464,14.5,0.9,N,Y,Y,N,Y,Y,N,N,N,N,서울특별시 은평구,20.6,5.1,0,476013,1
20220511,5,올림픽공원(한국체대),5059,4539,3,1,15690,13,15,21.5,30,39.9,49.4,39.5,43.8,37.9,28.3,29.1,28.1,25.7,28,26.7,28.1,25.6,24.9,24.2,28.3,27.9,36.6,40.3,45.1,36.2,49.6,53.7,46,30,29.3,25.3,27.7,27.6,31.8,28.8,27,12.6,6.7,6.1,84.6,654,7.9,1.1,N,Y,Y,Y,N,Y,N,N,N,N,서울특별시 노원구,23.4,1.5,1,514445,1
20220511,2,왕십리(성동구청),18348,14765,3,,122842,18.3,19.9,19.6,25.9,36.4,67.5,59.2,37,35.1,26.3,29.6,30.3,31.5,31.4,38.6,38.4,33,37,39.3,35.8,44.5,33.1,46.2,44.8,48.4,47.3,56.6,39,24,18.9,21.1,23.4,31.3,32.3,29.5,24.5,27.5,10.9,6.8,85.9,562,16,0.6,N,Y,Y,N,Y,Y,N,N,N,N,서울특별시 중구 ,20.9,1.8,1,131450,3
20220511,5,왕십리(성동구청),4938,5798,3,,122842,17.3,17.5,25.7,40.8,53.1,69.5,50.3,56.3,45.2,36.4,31.1,31.9,27.9,26.9,27.3,27.7,27.1,23.3,25,23.5,24.6,25.4,29.6,34,32.2,28.1,29.1,26.2,24.4,18.5,16.9,17,18.4,17.8,16.5,15.3,13.9,6.3,2.2,88,561,15.2,1.2,N,N,Y,N,Y,Y,N,N,N,Y,서울특별시 성북구,22.5,3.5,1,442680,1
20220511,2,용답,3368,3417,,,,,,,,,,,,,,,,,,,,,,,,,,,,,,,,,,,,,,,,,,,,,,,N,N,Y,N,Y,Y,N,N,N,Y,서울특별시 중구 ,20.9,1.8,1,131450,1
20220511,2,용두(동대문구청),2449,2546,2,,,,,,,,,,,,,,,,,,,,,,,,,,,,,,,,,,,,,,,,,,68.9,446,11.8,0.6,N,N,Y,N,Y,Y,N,N,N,N,서울특별시 은평구,20.6,5.1,0,476013,1
20220511,7,용마산(용마폭포공원),6518,6233,1,,,16.8,24.9,18.3,21.9,23.1,33.7,19.2,16.3,19,21.2,21.9,27.8,24.8,28.5,27.6,30.9,29.1,32.6,33.2,43.9,47.3,52.9,64.6,73.9,89.9,87,123.8,86.8,72.3,67.3,74,68.5,73.1,69.6,77.5,56.1,47.4,28.9,26.5,80.4,642,12.1,1,N,Y,N,N,N,Y,N,N,N,N,서울특별시 성북구,22.5,3.5,1,442680,1
20220511,5,우장산,16349,15864,1,,,33.6,19.7,18.3,22.3,30.4,40.7,25.4,13,14.1,12.8,14.6,13.4,14.6,14.6,15.5,16,16.7,14.7,15.5,15.3,17.6,18.3,21.3,22.5,26.5,34.5,29.2,20.9,14.5,16.3,15.8,14.1,14.7,16,14,11.2,9,6.5,6.3,79.4,483,13.1,1.2,N,Y,Y,N,Y,Y,N,N,N,N,서울특별시 마포구,22.4,2.8,1,378629,3
20220511,6,월곡(동덕여대),13707,13143,1,,,19.2,19.5,23.9,40.4,73.8,89.8,67.8,61.2,41.7,36.3,27.1,25.3,23.7,24.6,22.8,25.3,25.1,21,20.2,25.2,20.4,22.8,25.6,24.1,26.9,30.9,20.9,20.1,14.5,14.1,12.2,13.4,15.9,13.6,10.7,9.7,5.6,6.2,2.8,76.3,486,11.3,1,Y,N,Y,N,Y,Y,N,N,N,Y,서울특별시 은평구,20.6,5.1,0,476013,1
20220511,6,월드컵경기장(성산),4939,5276,2,,,8.2,11,7.9,10,14.6,23.3,22.7,16.4,20.8,15.5,13.8,15.2,13.4,15.6,16.3,18.6,18.9,19.1,21.7,22.7,25.9,30.1,35.3,34.4,41.9,62.6,80.8,63.7,59.3,42.8,41.8,44.4,52.6,51.1,49.1,33.8,32.6,16.9,13.6,95,431,8.8,0.9,N,N,Y,N,Y,Y,N,Y,N,Y,서울특별시 용산구,23.4,3.2,1,236518,1
20220511,2,을지로3가,25088,25244,2,,47919,14.7,16.4,17.9,22.1,32.8,59.4,42,33.3,27.7,23,29,30.9,33.8,32.5,33.5,41.8,36.5,38.2,41.7,42.8,40.2,41.4,53.7,49.8,61.6,79.1,66.1,50.6,35.1,30.7,28.2,42.4,47.5,44.7,47.4,34.6,47.8,14.6,5.9,94.2,592,13.4,0.9,N,N,N,N,Y,Y,N,N,Y,Y,서울특별시 은평구,20.6,5.1,0,476013,0
20220511,3,을지로3가,11713,12067,2,,47919,6.8,10.1,10.8,19.3,25.7,34,35.8,30.8,30,25.4,30.9,34.8,36.9,42,50.5,41.9,40.2,38.8,45.6,58.4,52,45.3,48.7,61.7,66.5,83.4,84.6,71.8,54.7,46.4,44,40.8,41.6,47.7,43.2,33.7,24.5,18,10.3,85.2,613,10.2,0.7,N,N,Y,N,Y,Y,N,N,N,N,서울특별시 종로구,23.2,3.3,1,153684,1
20220511,2,을지로4가,13981,14052,2,,12604,14.7,13.6,17.5,20.8,30,52.4,41.7,30.2,28.1,22.7,27.4,30.5,33.4,32.6,34.9,40.7,37.3,40.7,42,45,44,42.3,56.7,54.8,65.1,83.8,76.1,55.9,36.4,32,30.2,44.4,47.6,47.5,48.7,35.8,51.9,13.2,10.2,67,626,9.6,0.8,N,N,Y,N,Y,Y,N,N,N,N,서울특별시 중구 ,1,1.8,1,131450,1
20220511,5,을지로4가,6777,6868,2,,12604,17.4,20.9,25.6,41.6,55.3,73.2,57.2,45.6,44.6,32.8,27.8,27.5,26.8,23.9,25.9,26.1,27.3,23.6,22.8,23,24,24.1,28.6,33.7,35.4,30.9,30.5,22.7,22.1,16.6,16,15.3,17.8,17.4,15.6,13.9,12.5,10.6,4.3,66.8,531,15.4,1.4,N,N,N,N,N,Y,N,N,N,Y,서울특별시 노원구,23.4,1.5,1,514445,1
20220511,2,을지로입구,42771,44978,2,,,15.3,16.8,18.8,24.4,37.4,62.5,52.1,36.7,32.6,25,31.8,38.1,33.1,35,37.6,43.8,40.7,42.5,42.3,44.9,44.2,42.8,56,53.8,59.2,78.3,68.8,50.9,32.3,32.1,30.3,39,48.7,47.5,42.1,40.3,35.6,13.8,6.1,81.2,559,9.9,1,N,Y,Y,N,Y,Y,N,N,N,Y,서울특별시 용산구,23.4,3.2,1,236518,0
20220511,6,응암,18972,18388,1,,,11.8,10.8,9.6,15.3,16.2,22.5,16.6,16.1,16.4,15.5,14.2,12.5,17.3,14,15.2,16.8,15.6,14.7,12.8,21.3,16.7,20,23.2,17.3,25.6,31,44.2,35.1,22.3,20.4,19.6,18.8,21.3,17.7,28.5,17.8,13.1,6.6,6.7,73.2,451,7.4,0.9,N,N,Y,Y,Y,Y,N,N,N,N,서울특별시 마포구,22.4,2.8,1,378629,3
20220511,2,이대,15332,16289,1,,,20.1,16.8,25.6,37.5,58.3,99.3,86.5,52.9,43.4,31.9,38.6,46.2,36.7,37.4,42.1,42.9,40.6,41.3,37.2,40.3,35.5,42.1,42.8,42.1,39.9,42.7,42.7,32.1,23.2,22.5,23.1,31.6,36.6,43.6,36.7,33.8,32.6,13.2,4.9,88,595,17.2,1.1,N,Y,N,N,Y,Y,N,Y,N,Y,서울특별시 노원구,23.4,1.5,1,514445,1
20220511,7,이수,17106,16665,3,1,,,,,,,,,,,,,,,,,,,,,,,,,,,,,,,,,,,,,,,,,69.1,664,15.3,1.2,N,N,N,Y,Y,Y,N,N,N,N,서울특별시 용산구,23.4,3.2,1,236518,3
20220511,4,이촌(국립중앙박물관),9562,10591,4,,19372,16.4,19.1,21.8,32.3,41.7,68.3,62.5,52,42.7,41.4,33.4,43.8,32.7,39.9,34.6,31.3,32.3,32.1,28.4,29.3,28.8,33.9,37.4,36.6,38.9,34.7,42,31.7,22.4,17.5,20.8,18.9,22,23,18.2,19.4,13.3,9.7,7.8,89.3,576,16.6,1,N,Y,N,N,Y,Y,N,N,N,N,서울특별시 금천구,21.9,2.4,1,244901,1
20220511,6,이태원,10669,11467,1,,,7,10.2,11.6,15.4,26.9,40.7,29.7,28.4,28,18,14.9,14.2,15.9,16.2,17.2,18.3,17.2,17.4,17,21.6,22.4,22.1,27.4,31,31.6,41.6,39.6,31.2,28.9,23.6,24.6,26.9,28.4,35.1,31.8,26,15.5,14,7.7,112.6,507,11.8,1.1,N,Y,Y,N,Y,Y,N,N,N,N,서울특별시 강남구,23.7,1.9,1,537338,1
20220511,3,일원,11676,11304,2,4,,6.8,5.3,11.8,16.9,27.3,40.5,29,21.5,16.6,15.8,17.4,16.3,17.8,21.4,17,17,14.2,15.9,16.2,17.5,15.8,15.5,19.5,23.1,18.8,22.2,19.5,11.4,8.6,7.2,7.4,7.1,6.9,7,6.7,5,4.2,3.8,1.9,81.4,478,5.7,0.5,N,Y,N,N,Y,Y,N,N,N,N,서울특별시 광진구,23.7,2.4,1,353110,1
20220511,2,잠실(송파구청),72020,71627,3,,87305,22.4,21.3,27,39.2,55.8,92.5,84.5,60.2,54.3,35.6,37.7,34.8,36.4,35.5,38.4,39.3,38.8,38,38.1,40.6,39,36.7,43.4,46.1,38.7,47.1,50,33.3,26.1,24.5,24.8,30.4,28.2,33.5,23.4,20.6,12.8,12.1,5.8,88.5,667,15.8,0.8,N,Y,Y,N,Y,Y,N,N,N,Y,서울특별시 서초구,23.3,1.7,1,413677,4
20220511,8,잠실(송파구청),14106,17560,3,,87305,7.5,15.8,16.3,14.6,23.1,39.2,34.7,31.7,30,24.1,22.5,23.3,23,28,24.4,29.1,32.4,31.8,31,40.1,42.4,56.2,52.6,65.8,70.3,99.8,111.8,76.5,65.8,58.4,51.6,54.6,51.8,53.6,52.3,44.6,26.6,25.2,8.1,73,673,14.5,1,N,N,N,N,N,Y,N,N,N,N,서울특별시 노원구,23.4,1.5,1,514445,1
20220511,2,잠실나루,16506,16005,1,,,17.1,16.3,19.6,25.5,40.4,69.1,66.6,48.8,45.7,31.2,28.5,35.1,33.7,30.1,35.4,35.8,35.1,33.1,36.5,36.6,37.3,35.7,40.4,38,36.4,39.4,46.7,33,22.2,22.3,21.8,26,26.5,27.1,26.6,22.1,15.3,15.2,10.7,,,,,N,Y,Y,N,Y,Y,N,Y,N,Y,경기도 광명시,21.9,1.7,1,298599,3
20220511,2,잠실새내,22587,22550,2,,,,,,,,,,,,,,,,,,,,,,,,,,,,,,,,,,,,,,,,,,,,,,N,Y,Y,N,Y,Y,N,Y,N,Y,서울특별시 광진구,23.7,2.4,1,353110,3
20220511,3,잠원,5402,5158,2,,,6.9,9.6,14.3,24.4,36.5,59.8,58.6,58,51.9,42,48.5,51.7,58.5,60.2,61.3,54.7,48.4,57.3,67,71.7,55.9,51.8,63.3,71.3,79.4,84.4,102.3,74.2,57.7,45.8,37.9,44.2,38.7,43.8,37.8,26.8,21.2,15.2,5,74.6,435,6.1,0.8,N,Y,Y,N,Y,N,N,N,N,N,서울특별시 구로구,21.9,2.1,1,419984,1
20220511,7,장승배기,9711,9461,1,,,57.1,39.6,37.4,48.6,71.8,85.5,68.6,71.3,57.3,51,36.1,29.9,32.7,27.6,32.5,31.4,28.8,24.4,28.1,23.5,24.8,26.4,32.5,32.6,29.7,38.2,38.3,29.6,25.7,22.1,20.2,19.6,17.3,19.6,16.5,15.5,11.5,10.6,4.9,61.3,591,11.6,1.1,N,N,Y,N,Y,Y,N,N,N,N,서울특별시 동작구,22.9,2.6,1,394649,1
20220511,7,장암,2531,961,,,,0,0,0,0,0,0,0,0,0,0,0,0,0,0,0,0,0,0,0,0,0,0,0,0,0,0,0,0,0,0,0,0,0,0,0,0,0,0,0,,,,,N,N,Y,N,Y,Y,N,N,N,N,서울특별시 서초구,23.3,1.7,1,413677,1
20220511,8,장지,18547,17643,2,,,33.6,24.4,29.4,46.9,73,109.3,114.6,75.2,66.6,44,42.1,36.4,32.5,36,37.8,34.6,35.5,33,34.3,34.8,37.5,48.9,52.3,62.3,58.3,68.2,68.4,47.8,37.8,34.6,33.8,30.4,30.3,27.2,28.8,19.1,12.7,8.7,2.6,66.7,586,23.6,0.9,Y,N,Y,N,Y,Y,N,N,N,Y,서울특별시 노원구,23.4,1.5,1,514445,3
20220511,5,장한평,20166,20046,2,1,,23.8,21.8,31.3,47.9,62.9,81.5,62.8,67.3,58.8,43.2,36.8,37.4,31.4,31.7,31.9,33.1,30.4,27.7,27.8,26.2,27.4,29.5,35,39.3,33.9,32.8,32.6,29.8,26.8,19.9,18.4,17.7,19,19.6,16.8,16.2,13.5,5.7,3.5,84.3,622,9.5,1.1,N,Y,Y,N,Y,Y,N,N,N,Y,서울특별시 강남구,23.7,1.9,1,537338,3
20220511,1,제기동,18062,18412,1,,,6.9,7.4,7.2,8.7,8.6,14.3,16,15,17.5,15.9,14.8,18.8,21.9,19.9,23.1,21.6,24,24.2,28.1,28.3,29.8,30.9,37.8,42.7,43.8,57.3,63.8,45.8,31.2,23.2,25.4,28.2,32.1,35.9,32.5,19.6,12.2,10.4,7,97.8,497,13.7,0.8,N,Y,N,Y,Y,Y,N,N,N,Y,서울특별시 영등포,22.7,2.1,1,400241,3
20220511,1,종각,38959,38270,2,1,,6.3,8.1,15.5,16.6,22.7,34.8,28.7,32.4,35,30.6,24.4,36.7,38.5,27.6,32.9,34.1,32.7,33.2,30.4,36.3,30.7,30.4,35.4,37.3,39.2,65.5,58.2,42.1,30.1,25.8,24.2,30,31.9,34,26.8,18.8,12.5,9.1,1.2,99.8,687,20.5,0.9,N,N,Y,Y,Y,Y,N,N,N,N,서울특별시 도봉구,22.9,2.2,1,318100,0
20220511,1,종로3가,27776,24969,3,6,108811,6.3,8.1,14.4,16.3,22.9,36.2,34.8,31.1,32.5,30.5,24.4,31.6,42.5,28.4,35.5,36.6,36.2,36.4,33.1,41.1,34.3,35.2,40.8,43.3,41.8,63.2,67.2,45.6,31.7,27.1,25.2,32.9,33.8,40.1,28.9,20.5,14.2,10.4,1.2,105.3,646,20.6,1.3,Y,N,Y,Y,Y,Y,N,N,N,Y,서울특별시 광진구,23.7,2.4,1,353110,0
20220511,3,종로3가,10692,12284,3,6,108811,16.9,15,14.2,25.3,35,34.7,40.4,34.4,36,31.1,33.7,41.4,42.8,44,58.8,50.7,44.3,42.6,52.4,73,59.5,55,57.4,72.2,82.8,102.3,104.5,81.9,69.6,59.1,49.7,54.7,50.3,62.7,49.8,45.9,30.2,21.2,11.7,108.1,615,13.9,1,N,Y,N,N,Y,Y,N,N,N,N,서울특별시 노원구,23.4,1.5,1,514445,1
20220511,5,종로3가,13889,13987,3,6,108811,13.8,21.9,24,39.3,57.2,76.3,61.4,42.3,42.1,29.9,25,25.4,25.4,23.9,25,28.2,28.7,26.7,26.8,26.4,28.5,30.3,33.7,39.3,44.2,39.8,37.6,27.5,27.1,21.5,21.7,21.6,24.5,25.3,20.8,18,15.6,13.7,4.6,85.1,554,27.7,1.2,N,N,Y,N,Y,Y,N,N,N,N,서울특별시 중랑구,23.4,1.4,1,393600,1
20220511,1,종로5가,24615,24512,,2,,5.6,6.5,12.4,12.4,16.5,28.8,23.6,21.3,28.6,24.8,20.1,27.4,31.2,30,30.7,32.7,33.9,34.8,33.9,37.1,36.7,32.9,43.8,43.9,41.5,69.5,68,51.5,33.4,28.7,27.6,33.5,34.9,42.7,29.1,21.9,14,11,1.1,99.4,532,16.4,1.1,N,N,Y,N,Y,Y,N,N,N,N,서울특별시 중랑구,23.4,1.4,1,393600,0
20220511,2,종합운동장,11993,13515,2,,25632,26.1,18.9,28,38.3,56.8,97.8,98.4,67.7,58.8,39.2,39.8,36,35.6,35.7,36.4,35.3,40.3,36.1,33.9,38,38.3,35,37.2,43.9,34.8,41.8,44.2,28.8,22.8,20.2,21.8,25.8,25.9,28.5,22.1,19.3,9.4,11.5,4.6,97,453,13.2,0.5,N,Y,Y,N,Y,Y,N,N,N,N,서울특별시 서초구,23.3,1.7,1,413677,1
20220511,7,중계,16776,15179,2,1,,13.4,15.4,15.7,16.7,20.5,26.4,20.8,13.7,13.4,14.3,18.2,17.6,17.5,19.7,19.5,20.6,21.7,19.8,22.1,25.3,29.5,29.4,36.9,39.5,47,47.6,48.9,42.6,30.8,27.7,31.8,31,32.1,30.5,30,27,20.4,13.8,11.4,76.6,679,10,1.1,N,N,Y,N,Y,Y,N,N,N,N,서울특별시 동작구,22.9,2.6,1,394649,3
20220511,7,중곡,12134,11109,1,,,14,24.9,20,22.2,23.8,32.4,19.3,16.9,18.4,21.2,22,27.8,24.9,28.2,27.9,31.2,29.6,32.8,34.3,45,48.3,54.1,66.3,75.4,88.7,91.4,124.1,91.7,75.4,64.1,76.5,70.8,75.8,75.3,77.8,57,46.2,30.2,27.9,63.2,598,12.5,1,N,N,Y,N,Y,Y,N,N,N,N,서울특별시 중랑구,23.4,1.4,1,393600,1
20220511,7,중화,11638,11275,1,,,18.2,21.2,19.3,22.2,28.5,34.9,23.2,17.1,19.4,16.4,23.2,22.7,23,26.2,25.4,26,26.9,26.6,26.7,30.8,36.7,38.3,47.2,54,69.8,66.9,77.2,69.2,51.4,42.9,52.5,52.7,50.6,50.6,52.4,43,32.9,21.9,17.5,93.1,667,11.3,1.2,N,N,Y,N,Y,Y,N,N,N,N,서울특별시 동작구,22.9,2.6,1,394649,1
20220511,6,증산(명지대앞),10973,10973,1,,,7,10.6,5.5,7.7,11,15.4,17,14.2,17,17.2,13.5,13.3,15,15.9,15,16.5,21.2,16.1,18.3,20.7,24.4,25.2,31.1,33.2,37.4,49.9,73.8,57.7,50.1,36.6,38.9,34.3,45.5,48,38.9,34.2,28.3,14,15.5,82.8,501,33.3,0.9,N,N,Y,N,Y,Y,N,N,N,N,서울특별시 중랑구,23.4,1.4,1,393600,1
20220511,3,지축,5634,5128,,,,20.1,11.5,11.3,13.1,14.1,23.6,17.3,13.9,16.1,11.3,12.3,19,18.5,17.7,23.2,22.1,24.1,22.6,31.2,35.3,34,27.8,41.1,37.3,44.4,73.3,81.9,73.4,60.6,32.4,43.6,41.5,40.9,38,41,38.5,30,16.6,15.4,,,,,N,Y,Y,Y,Y,Y,N,N,N,Y,서울특별시 노원구,23.4,1.5,1,514445,1
20220511,4,창동,27544,29142,3,,56060,0,15,9.6,11,13,11.8,10.2,8,10.1,8.1,8.9,10.3,12.1,13.3,13.3,15.5,16.3,14.6,16.4,18.5,19.1,21,26.7,27.8,33.9,36.1,35.2,32.4,22.5,19.1,17.3,20.5,19.7,23.1,24.2,16.3,14.3,12.1,8.6,,,,,N,N,N,N,Y,Y,N,Y,N,N,서울특별시 동작구,22.9,2.6,1,394649,2
20220511,6,창신,4124,3505,4,2,,16.6,20,24.2,38.4,67.5,94.4,76.9,77.9,50.1,38.2,28.7,27.8,26.6,31,26.3,28.6,30.8,24.6,24.7,28.9,32.3,29,35.7,40.6,38.9,45.2,38,27.9,24.4,25.3,20.5,21.8,28.4,27.5,22.8,19.9,13,11,6.1,93.9,490,11.6,1.1,N,N,Y,N,Y,Y,N,N,N,N,서울특별시 동작구,22.9,2.6,1,394649,1
20220511,7,천왕,12420,11938,2,,,30,32.3,35.8,50.6,77.4,109.8,96.1,75.7,58.3,36.4,31.8,28.3,28.9,26.4,29.2,25.7,25.4,21.2,22.4,20.2,22.2,23.6,30.5,22.7,29.1,24.6,26.9,21,18,16.1,14.1,17.4,13.7,18.5,14.1,13.8,8.6,7,0,110.5,570,20.1,1.1,N,N,N,N,Y,Y,N,N,N,N,서울특별시 영등포,22.7,2.1,1,400241,3
20220511,5,천호(풍납토성),19337,19708,1,,71895,20.7,22.3,30.6,44.2,59.8,76.8,58.2,64.9,51.6,41.5,36.9,36.5,32.1,34.9,33,35,29.9,28.8,27.6,30.1,30,36.4,40.5,52.2,37.2,45.3,45,43.3,34.5,27.9,25.2,28.8,25.2,27.7,23,26.4,14.8,9.3,3.9,69.8,546,11.8,1.1,Y,N,Y,N,Y,Y,N,N,N,Y,서울특별시 광진구,23.7,2.4,1,353110,3
20220511,8,천호(풍납토성),15582,17955,1,,71895,2.5,2.6,4.2,3.5,3.2,6.9,7.6,6.2,6.9,6.4,6.5,6.2,6.4,7.2,9.1,8.6,10.3,8.9,12.3,12.4,14.7,16.6,19.5,20,23.2,25.1,35.4,31.2,23.3,20.3,20.3,16.6,20.5,18.6,19.3,15,12.5,9.4,5,71.8,549,10.9,0.8,N,Y,Y,Y,Y,Y,N,Y,N,Y,서울특별시 구로구,21.9,2.1,1,419984,3
20220511,7,철산,22726,23088,,,,59.8,42.8,46.9,72.8,105.9,145.6,136.6,106.2,82.3,53.5,44,42.1,33.5,41.5,34.4,39.4,30.2,33.1,25.9,29.5,26.6,33.2,33,35.8,30.2,30.4,29.5,22.7,21.7,18.7,18.4,17.7,20.6,16.3,19.3,14.8,9.5,7.3,6,70.5,559,15.6,1.1,N,N,N,N,Y,Y,N,N,N,N,서울특별시 중랑구,23.4,1.4,1,393600,3
20220511,5,청구,4423,3990,2,,24286,16.3,20,26.5,40.2,54.3,73.6,58.8,52.3,49.8,37.5,31.5,31.3,28.5,25.7,26.8,26.2,26.2,22.7,22,21.4,21.8,21.9,26.1,29.3,29,24.3,25.4,19.9,19.7,14.5,13.6,13.6,15.3,13.6,12.9,11.3,9.8,6.8,2.5,78.8,504,10,1.3,Y,Y,Y,N,Y,Y,N,N,N,Y,서울특별시 동작구,22.9,2.6,1,394649,1
20220511,6,청구,3981,4218,2,,24286,14.1,15.5,17.1,26,44.2,63.5,50.4,54.3,42.1,25.6,21.4,22.3,22.7,22.2,21.7,23.9,21.1,22.4,22.1,23.6,25.6,25.7,29.8,33.9,34.7,38.6,37.2,28.9,22.2,20.7,20.8,19.4,22.6,22.4,22.4,18.1,11.5,9.5,4.5,74.3,490,10.8,1.6,N,N,Y,N,Y,Y,N,N,N,N,서울특별시 동작구,22.9,2.6,1,394649,1
20220511,7,청담,21248,24058,2,,,9.8,23.9,17.9,18.4,25.9,34.7,24,19.5,23.3,29.3,24.6,24,26.4,25.2,27.6,32.3,26.6,31.2,32.7,41.9,41.9,47.6,53.4,73.7,71.6,96.4,107.6,78.4,64.1,65.4,62.4,61.5,58.5,61.8,57.8,44.1,33.6,23.9,11.8,60.4,649,16.2,1,N,N,Y,Y,Y,Y,N,N,N,N,경기도 의정부시 ,22.8,4.8,1,436400,0
20220511,1,청량리(서울시립대입구),21685,20960,2,,17699,6.4,5.1,6,6.2,8.1,12.2,12,11.9,11,15.3,10.8,15.8,16.9,15.6,18.2,18.7,16.4,23,20.4,28.9,22.4,29.9,27.9,42.4,39.5,42.8,61.7,38.5,26.3,22,23.1,20.2,32.5,25.2,26.4,23.8,10.2,8,0.9,91.5,550,14.4,0.7,N,N,Y,N,Y,Y,N,N,N,N,서울특별시 노원구,23.4,1.5,1,514445,0
20220511,4,총신대입구(이수),20970,22546,2,,53029,18.9,26.5,28.5,38.7,55,81.1,69.3,50.8,48.1,44.4,39.5,40.5,32.8,40.4,37.9,37.6,33.5,35.1,30.2,32.7,31.1,37.9,41,42.5,40.7,44.2,47.1,33.1,24.4,21.2,24.2,25.6,27,27.3,20.1,23.2,15.3,11.5,7.6,94,563,15.4,1,N,N,Y,N,Y,Y,N,Y,N,N,서울특별시 광진구,23.7,2.4,1,353110,3
20220511,3,충무로,2,0,1,,101438,8.4,8.4,10.8,19.1,28,40.4,42.2,33.7,29.9,24.9,30.2,32.2,38.2,41.3,49.4,41.6,36.3,39.3,50.6,53.5,49.2,43,45.7,56.2,62.1,68.8,78.1,65.3,48.3,39.9,37.7,37,37.2,40.5,38.2,28.6,21.3,15.6,9.4,,,,,N,N,Y,N,Y,Y,N,N,N,N,서울특별시 중랑구,23.4,1.4,1,393600,0
20220511,4,충무로,30534,31967,1,,101438,10.8,12.8,13.2,15.5,18,29.3,25.3,25.7,30.2,27.6,29.5,40,36.5,37.3,38.5,44.1,42.2,45.5,44.8,49.4,50,59.1,64.3,78.5,80.3,84.5,100.5,71.7,57,46.3,52,56.2,54.9,62.3,47.8,41.2,33.5,24.2,14.9,94.2,673,10.5,0.9,N,N,Y,Y,Y,Y,N,Y,N,N,서울특별시 구로구,21.9,2.1,1,419984,0
20220511,2,충정로(경기대입구),10845,11523,2,,11961,17.4,20.4,26.8,34.9,57.2,102.6,89.7,54.5,45.5,33,40.2,47.1,38.5,40.9,43.9,44.6,42,42.6,38.3,41.8,37.5,42.4,47.4,41.5,44.6,45.3,47.5,34.6,24.1,22.5,22.7,32.4,37.2,39.3,39.1,34.4,31.7,15.4,5.9,93.2,639,13.4,1.1,N,N,Y,N,Y,Y,N,Y,N,N,경기도 광명시,21.9,1.7,1,298599,1
20220511,5,충정로(경기대입구),5162,5203,2,,11961,14.6,18.8,15.2,27.2,39.9,47.2,30.4,23.2,24.9,20.2,19.6,22.1,22.5,21.8,24.1,27.1,27.4,26.5,28.7,30.9,34.3,36.7,41.7,53.4,64.6,80,67.5,39.7,40.1,36.1,33.4,36.7,38.5,40.4,35,26.2,22.8,16.9,4.4,75.9,622,9.5,1.2,N,Y,Y,N,Y,Y,N,N,N,N,서울특별시 강남구,23.7,1.9,1,537338,1
20220511,6,태릉입구,6339,7254,3,,37160,11,13.2,16.6,26.5,43.2,54.7,42.6,28.2,22,20.4,15.9,17.2,16.7,17.2,16.7,16.1,15.2,13.9,13.8,15.3,15.7,16.7,16.1,17.9,20.1,20.5,18.3,15,10.7,10.4,8.7,10.9,8.8,11.2,10.3,7.4,4.4,5.5,2.1,83.6,492,10.1,1,N,N,Y,N,Y,Y,N,N,N,Y,서울특별시 노원구,23.4,1.5,1,514445,1
20220511,7,태릉입구,10155,9841,3,,37160,12.6,18.2,18.1,19.7,28,31.4,24.3,16.6,17.8,16.9,23.1,20.1,21.3,25.9,25.3,26.4,26.9,26.1,26.7,31,37,38.8,46.1,53.4,69.1,64.3,74.1,64.4,47.9,40.4,49,47.6,48,45.7,49.1,38.6,33.6,21.8,11.5,76.3,643,14.5,1.3,N,N,Y,N,N,Y,N,N,N,Y,서울특별시 노원구,23.4,1.5,1,514445,1
20220511,7,하계,20357,19098,3,,,14,14.2,18,18,22.5,28.1,22.7,14.2,14.6,15.1,19.6,18.9,18.5,21.2,21.5,21.6,24,20.7,24.2,26.1,32.1,32.3,40.7,43.6,53.6,52.4,60.8,48.4,37.6,30.4,39.1,37.3,37.1,35.9,36.1,32,22.5,18.3,14,81,686,9,1.1,N,N,Y,N,Y,Y,N,N,N,N,서울특별시 강남구,23.7,1.9,1,537338,3
20220511,5,하남검단산,6254,5853,,,,,,,,,,,,,,,,,,,,,,,,,,,,,,,,,,,,,,,,,,,,,,,N,N,N,N,Y,Y,N,N,N,Y,서울특별시 송파구,22.9,2.3,1,668261,1
20220511,5,하남시청(덕풍·신장),7609,7303,,,,,,,,,,,,,,,,,,,,,,,,,,,,,,,,,,,,,,,,,,,,,,,N,N,Y,N,Y,Y,N,N,N,N,서울특별시 강동구,23.9,1.5,1,"459,970",1
20220511,5,하남풍산,4657,4456,,,,,,,,,,,,,,,,,,,,,,,,,,,,,,,,,,,,,,,,,,,,,,,,,,,,,,,,,경기도 성남시,21.8,1.8,1,"234,748",1
20220511,7,학동,26594,28362,1,,,20.3,32.3,22.5,25,37.7,53.9,46.8,38,42.3,38.7,30.8,27.5,29.3,27.2,30,33.6,28.8,31.7,31.9,36.7,36.1,40.4,45.1,58.1,56.9,75,80.1,56.9,46.1,53.1,46.3,48.4,43.7,45,44.6,34,30.8,19.2,12,87.8,708,25.7,1.3,N,N,Y,N,Y,Y,N,N,N,Y,경기도 성남시,21.8,1.8,1,"234,748",0
20220511,3,학여울,2025,2064,1,,,7.3,6.6,11.9,19.1,30.8,43.1,34.1,24.8,19.2,18.7,17.9,19.9,19.2,25.3,19.4,18.6,17.4,17.8,19.4,20.6,17.4,20.4,23.8,25.2,25.2,24.9,24.8,14,9.8,8.2,8.3,8.5,7.9,8.1,7.3,5.4,4,3.7,2,73.5,447,6.6,0.5,N,N,N,N,Y,Y,N,N,N,N,경기도 성남시,21.8,1.8,1,234748,1
20220511,6,한강진,8925,10420,1,,,7.7,9,11.3,15.7,28.9,40.4,32.3,31.7,26.2,19.6,15.6,15.6,15.1,17.7,17.7,17.7,18.4,17.2,18.5,19.3,23.4,23.3,26.4,30.6,32.7,38.8,43.4,32.5,29.5,24.7,22.6,24.4,27.3,32.1,29.4,21.3,11.6,7.3,8.5,93.8,431,11.5,0.9,N,Y,N,N,Y,Y,N,N,N,Y,경기도 성남시,21.8,1.8,1,234748,1
20220511,4,한성대입구(삼선교),16512,15925,2,,,24.1,14.8,15.9,13,14.1,20,16.2,15.2,20.5,17.7,21.9,29,33.2,27.4,32.1,37.2,35.9,38.7,43.2,48.5,55.9,63.5,69.4,95.9,89.5,108.1,130.1,102.3,75,63.9,59.7,74.8,74.9,84.6,74.6,56.7,52.2,35.7,13.6,88.7,557,16.7,0.9,N,N,Y,N,Y,Y,N,N,N,Y,서울특별시 송파구,22.9,2.3,1,668261,3
20220511,2,한양대,15305,17117,1,,,18.2,18.7,18.7,22.5,32.2,62.6,53.4,32.6,28.4,18.8,25,27,30.6,29.3,33.1,35.7,30.3,35.8,37.2,35.8,42.7,37.9,47.7,43.4,52.7,47.7,57.4,38.6,24.7,20.9,17.3,27.2,31.3,31.6,32.7,23.8,27.8,11.5,6.7,,,,,N,N,N,N,Y,Y,N,N,N,N,서울특별시 송파구,22.9,2.3,1,668261,1
20220511,2,합정,32251,34637,1,1,76959,23.7,25.1,26.8,36.8,59,96.6,84.9,61.1,54.4,43.7,42.9,46,39.1,41.2,46.8,45.2,44,39.7,38,37.7,32.4,39.7,38.2,37.8,41.1,47.1,51,35.6,24.2,19,19.4,24.5,21.9,24.8,21.6,25.6,13.1,9.9,5.8,91.4,620,14.7,1,N,Y,Y,Y,Y,Y,N,N,N,N,서울특별시 송파구,22.9,2.3,1,668261,0
20220511,6,합정,13747,13403,1,1,76959,7.1,11.5,10.2,10.6,15,29.7,25.6,24.2,29.1,18.9,20.4,20.7,20.2,22,25.4,25.5,26.5,28.8,28.3,32.4,35,41.1,39.7,44.7,54,83.7,89.9,81.7,68.3,54.8,51.6,50.4,64.3,66.5,55.8,46.6,32.3,23.2,10.3,85.7,501,10,1.2,N,N,Y,Y,Y,Y,N,N,N,N,경기도 성남시,21.8,1.8,1,234748,1
20220511,5,행당,9110,7860,1,,,18.6,18.8,27.4,41.5,54.7,73.5,55.5,58.8,47.3,38.1,32.3,33.3,28.7,27.2,27.8,28.1,27.2,23.3,24.9,23.1,24,24.5,28.7,33,31.7,27.3,27.8,24.2,22.6,17.3,15.9,15.8,17.6,15.9,14.8,14.2,12.5,8.4,3.4,81.7,545,11.3,1.2,N,N,Y,N,Y,Y,N,N,N,N,서울특별시 송파구,22.9,2.3,1,668261,1
20220511,4,혜화,39316,40142,2,,,23.9,16.8,14.6,13.9,15.3,22.3,18,16.2,22.6,19.9,23.2,31,34.5,29.6,38,34.3,39.2,38.6,46.4,52.1,58.8,63.1,73.8,91.2,108.8,101.4,138.1,100,79.7,64.2,61.2,76.5,77.5,85.1,80.3,59.9,51.6,34,18.8,92.3,550,4.4,0.6,N,N,N,N,Y,Y,N,N,N,N,서울특별시 송파구,22.9,2.3,1,668261,0
20220511,2,홍대입구,57766,61402,4,,51802,21.7,20.5,29,39.8,62.5,106.1,88.7,60.5,51.8,41.1,48.6,50.1,39.7,44.9,45.7,43.5,43.9,42.8,35.7,38.8,33.2,35.7,38.9,37.7,36.7,43.3,42.1,32.6,21.9,19.1,19.7,29.2,28.2,34.8,30.5,28.6,26.5,12.5,5.8,84.3,740,30.5,1.3,N,N,N,N,Y,Y,N,N,N,N,경기도 성남시,21.8,1.8,1,234748,4
20220511,3,홍제,19501,18490,2,,,14.5,13.3,9,11.3,14,15.1,12.5,12,14.3,12,14.4,17.1,23.1,24.3,32.3,31.8,28.9,32.5,34,50.1,55.6,49.5,48.1,60.7,76.5,88,102,79.2,66,54.8,50,47.5,49.4,50,53.4,40.8,28.8,24,13.7,95.9,603,12.7,1.1,N,N,N,N,Y,Y,N,N,N,N,경기도 성남시,21.8,1.8,1,234748,3
20220511,5,화곡,30718,28395,1,,,32.3,19.4,17.9,25.1,33.5,42.4,24.7,13.6,14.9,13.8,15.7,14.5,16,16.1,17.3,17.7,19.8,17.5,18.5,18.2,21.2,21.7,25.7,28,33.5,44.1,39.7,27.9,20.2,21.6,22,19.6,20.7,22.3,20.9,17.2,13.4,10.3,9.4,78.2,523,14.6,1.1,N,N,Y,N,Y,Y,N,Y,N,N,서울특별시 강동구,23.9,1.5,1,"459,970",2
20220511,6,화랑대(서울여대입구),14056,10800,2,,,7,7.8,10.7,19,31.5,33.8,24.7,19.2,13.7,10.9,9.6,9.5,9.7,9.3,8.5,9.2,7.6,7.7,7.2,9.3,7.8,9.4,8.6,10.7,10.9,10.8,7.7,5.3,4,4.1,4.1,4,3.3,3.6,3.3,2.4,1,1.3,0.3,67.7,474,11.3,0.8,N,Y,N,Y,Y,Y,N,N,N,Y,서울특별시 송파구,22.9,2.3,1,668261,1
20220511,4,회현(남대문시장),27451,29228,3,,,9.7,14.4,16.7,19,25.6,43.1,37.7,35.6,37.4,33.2,32.4,40.4,41.3,37.4,42.6,43,40.4,40.1,41.4,44.8,42.3,50,54.6,62.7,60.1,66.9,66,49.8,36.4,30.8,33.4,33.8,32.2,35.8,26.6,25.2,21.6,15.6,9,84.8,668,16.2,1,N,N,Y,N,Y,Y,N,Y,N,Y,서울특별시 송파구,22.9,2.3,1,668261,0
20220511,6,효창공원앞,8186,7486,1,,5125,7,9.8,10.7,13.7,25,41.7,35.8,29.4,34.3,24.4,19,18.3,18,18.8,20.8,21.5,21.6,20,21.1,21.9,26,27.3,31.4,36.7,38.3,56.8,53.8,46.5,36.3,30.4,29.7,30.1,35.5,36.5,33.1,32.2,15.2,14.5,7.9,106.9,473,9.7,1.1,N,Y,Y,Y,Y,Y,N,Y,N,Y,서울특별시 강동구,23.9,1.5,1,"459,970",1
